rule_id,source_lines,byte_range,predicates,writes,commands,jump_targets,fall_through_successor,state_dependencies,object_dependencies,milestones,completion_observers,escrow_operations,placement_operations,disable_self
1794,20831-20848,567426-568046,"(idle-farm-count < 2) |     (goal gl-strategy KRUSH) |     (current-age == feudal-age) |     (can-build-with-escrow farm) |     (up-pending-objects c: farm < 3) |     (building-type-count-total farm < 17) |     (or	(wood-amount >= 320) |     (and(wood-amount >= 90) |     (up-compare-goal rt < 2))) |     (building-type-count-total stable > 0) |     (building-type-count-total blacksmith > 0) |     ;	(up-compare-goal gl-build-progress > KrushSmithNumber) |     (up-compare-goal gl-build-progress < KrushStable2Number)",,(up-build place-normal gl-escrow-state c: farm),,1795,gl-build-progress;gl-strategy;rt,blacksmith;c:;farm;stable,,(up-pending-objects c: farm < 3) || (building-type-count-total farm < 17) || (building-type-count-total stable > 0) || (building-type-count-total blacksmith > 0),(up-build place-normal gl-escrow-state c: farm),(up-build place-normal gl-escrow-state c: farm),False
1795,20851-20857,568092-568267,"(or	(goal gl-current-build-item MARKET1) |     (or	(up-pending-placement c: blacksmith) |     (up-compare-goal gl-strategy != FLUSH)))",,,1796,1796,gl-current-build-item;gl-strategy,,,,,,False
1796,20859-20871,568271-568716,";basically, build farms unless time for blacksmith (12 farms with berries |     (idle-farm-count < 2) |     (current-age >= feudal-age) |     (up-compare-goal MILL != YES) |     (up-pending-objects c: farm < 3) |     (building-type-count-total farm < 50) |     (building-type-count-total archery-range >= 2) |     (or	(wood-amount >= 120) |     (and(wood-amount >= 80) |     (building-type-count-total farm < 10)))",(set-goal SPLIT 1),,,1797,MILL;SPLIT,archery-range;c:;farm,(building-type-count-total archery-range >= 2),(up-pending-objects c: farm < 3) || (building-type-count-total farm < 50) || (building-type-count-total archery-range >= 2) || (building-type-count-total farm < 10))),,,False
1797,20873-20882,568720-568994,"(goal SPLIT 1) |     (or	(building-type-count-total blacksmith >= 1) |     (or	(and(up-compare-goal rt >= 2) |     (building-type-count-total farm < 7)) |     (and(up-compare-goal rt < 2) |     (building-type-count-total farm < 10))))",(set-goal SPLIT 2),,,1798,SPLIT;rt,blacksmith;farm,(or	(building-type-count-total blacksmith >= 1),(or	(building-type-count-total blacksmith >= 1) || (building-type-count-total farm < 7)) || (building-type-count-total farm < 10)))),,,False
1798,20884-20892,568998-569297,"(goal SPLIT 2) |     (or	(nand	(current-age == castle-age) |     (up-compare-goal gl-current-build-item == ESKIRMS)) |     (up-research-status c: ri-elite-skirmisher >= research-pending))",,(up-build place-normal gl-escrow-state c: farm),,1799,SPLIT;gl-current-build-item,,,,(up-build place-normal gl-escrow-state c: farm),(up-build place-normal gl-escrow-state c: farm),False
1799,20894-20899,569301-569396,(true),(set-goal gl-escrow-state with-escrow) || (set-goal SPLIT 0),,,1800,SPLIT;gl-escrow-state,,,,,,False
1800,20902-20911,569438-569667,"(can-build farm) |     (wood-amount >= 90) |     (idle-farm-count < 2) |     (up-compare-goal MILL != YES) |     (up-pending-objects c: farm < 2) |     (building-type-count-total farm < 50)",(set-goal SPLIT 1),,,1801,MILL;SPLIT,c:;farm,,(up-pending-objects c: farm < 2) || (building-type-count-total farm < 50),,,False
1801,20913-20923,569671-569996,"(goal SPLIT 1) |     (or	(current-age >= castle-age) |     (and(goal gl-strategy KRUSH) |     (up-research-status c: ri-horse-collar >= research-complete))) |     (or	(wood-amount >= 260) |     (up-compare-goal gl-current-build-item != EXTRA-STABLES))",,(build farm),,1802,SPLIT;gl-current-build-item;gl-strategy,,,,,,False
1802,20925-20929,570000-570051,(true),(set-goal SPLIT 0),,,1803,SPLIT,,,,,,False
1803,20932-20943,570102-570492,"(goal gl-second-turn 1) |     (goal gl-strategy FLUSH) |     (up-can-build gl-escrow-state c: farm) |     (up-compare-goal gl-build-progress < FletchingNumber) |     (or	(wood-amount >= 370) |     (and(wood-amount >= 250) |     (building-type-count-total archery-range >= 2)))",,(up-build place-normal gl-escrow-state c: farm),,1804,gl-build-progress;gl-second-turn;gl-strategy,archery-range,(building-type-count-total archery-range >= 2))),(building-type-count-total archery-range >= 2))),(up-build place-normal gl-escrow-state c: farm),(up-build place-normal gl-escrow-state c: farm),False
1804,20949-20963,570579-571025,"(current-age == dark-age) |     (can-build-with-escrow farm) |     (goal gl-strategy KRUSH) |     (up-pending-objects c: farm < 1) |     (goal gl-current-build-item FARMS) |     (building-type-count-total farm < 4) |     (or (wood-amount >= 90)		;be sure not to stop housing |     (or	(housing-headroom >= 4) |     (up-pending-objects c: farm < 1)))",(release-escrow wood),(build farm),,1805,gl-current-build-item;gl-strategy,c:;farm,,(up-pending-objects c: farm < 1) || (building-type-count-total farm < 4) || (up-pending-objects c: farm < 1))),(release-escrow wood),,False
1805,20965-20973,571029-571270,"(goal gl-strategy KRUSH) |     (goal gl-current-build-item FARMS) |     (building-type-count-total farm >= 4)",(up-modify-goal gl-build-progress c:+ 1),,,1806,gl-build-progress;gl-current-build-item;gl-strategy,farm,(building-type-count-total farm >= 4),(building-type-count-total farm >= 4),,,True
1806,20975-20981,571274-571494,";come back if skipped |     (goal gl-strategy KRUSH) |     (building-type-count-total farm < 4) |     (up-compare-goal gl-build-progress > KrushFarmsNumber)",(set-goal gl-build-progress KrushFarmsNumber),,,1807,gl-build-progress;gl-strategy,farm,,(building-type-count-total farm < 4),,,False
1807,20983-20990,571498-571773,"(goal gl-strategy KRUSH) |     (up-compare-goal gl-current-build-item != FARMS) |     (up-compare-goal gl-build-progress == KrushFarmsNumber)",(set-goal gl-current-build-item FARMS),,,1808,gl-build-progress;gl-current-build-item;gl-strategy,,,,,,False
1808,20993-21006,571796-572172,"(current-age == dark-age) |     (can-build-with-escrow farm) |     (or (wood-amount >= 90) |     (housing-headroom >= 3)) |     (goal gl-strategy KRUSH) |     (up-pending-objects c: farm < 1) |     (goal gl-current-build-item FARMS2) |     (building-type-count-total farm < 7)",(release-escrow wood),(build farm),,1809,gl-current-build-item;gl-strategy,c:;farm,,(up-pending-objects c: farm < 1) || (building-type-count-total farm < 7),(release-escrow wood),,False
1809,21008-21016,572176-572420,"(goal gl-strategy KRUSH) |     (goal gl-current-build-item FARMS2) |     (building-type-count-total farm >= 7)",(up-modify-goal gl-build-progress c:+ 1),,,1810,gl-build-progress;gl-current-build-item;gl-strategy,farm,(building-type-count-total farm >= 7),(building-type-count-total farm >= 7),,,True
1810,21018-21025,572424-572703,"(goal gl-strategy KRUSH) |     (up-compare-goal gl-current-build-item != FARMS2) |     (up-compare-goal gl-build-progress == KrushFarms2Number)",(set-goal gl-current-build-item FARMS2),,,1811,gl-build-progress;gl-current-build-item;gl-strategy,,,,,,False
1811,21028-21041,572730-573139,";just the standard dark farms |     (current-age == dark-age) |     (can-build-with-escrow farm) |     (goal gl-strategy FLUSH) |     (up-pending-objects c: farm < 1) |     (goal gl-current-build-item FARMS) |     (or	(wood-amount >= 310) |     (building-type-count-total farm < 2))",(set-escrow-percentage wood 0) || (release-escrow wood),(build farm),,1812,gl-current-build-item;gl-strategy,c:;farm,,(up-pending-objects c: farm < 1) || (building-type-count-total farm < 2)),(set-escrow-percentage wood 0) || (release-escrow wood),,False
1812,21043-21050,573143-573358,"(goal gl-strategy FLUSH) |     (goal gl-current-build-item FARMS) |     (building-type-count-total farm >= 2)",(up-modify-goal gl-build-progress c:+ 1),,,1813,gl-build-progress;gl-current-build-item;gl-strategy,farm,(building-type-count-total farm >= 2),(building-type-count-total farm >= 2),,,False
1813,21052-21058,573362-573572,";come back if skipped |     (goal gl-strategy FLUSH) |     (building-type-count-total farm < 2) |     (up-compare-goal gl-build-progress > FarmsNumber)",(set-goal gl-build-progress FarmsNumber),,,1814,gl-build-progress;gl-strategy,farm,,(building-type-count-total farm < 2),,,False
1814,21060-21068,573576-573885,"(goal gl-strategy FLUSH) |     (up-compare-goal gl-current-build-item != FARMS) |     (up-compare-goal gl-build-progress == FarmsNumber)",(set-escrow-percentage wood LOW-ESCROW) || (set-goal gl-current-build-item FARMS),,,1815,gl-build-progress;gl-current-build-item;gl-strategy,,,,(set-escrow-percentage wood LOW-ESCROW),,False
1815,21071-21076,573917-574015,"(true) |     ;	(goal gl-twenty-turn 1)",,(up-assign-builders c: house c: 1),,1816,gl-twenty-turn,,,,,,False
1816,21078-21086,574019-574211,"(false) |     (game-time >= 50) |     (goal gl-fifth-turn 1) |     (housing-headroom < 2)",,(up-assign-builders c: house c: 3),,1817,gl-fifth-turn,,,,,,False
1817,21088-21099,574215-574572,"(game-time > 6) |     (housing-headroom < 5) |     (population-headroom != 0) |     (can-build-with-escrow house) |     (up-pending-objects c: house < 1) |     (building-type-count archery-range >= 2)",,(up-build place-control gl-escrow-state c: house) || (up-set-placement-data me -1 c: -5),,1818,,archery-range;c:;house,(building-type-count archery-range >= 2),(up-pending-objects c: house < 1) || (building-type-count archery-range >= 2),(up-build place-control gl-escrow-state c: house),(up-build place-control gl-escrow-state c: house) || (up-set-placement-data me -1 c: -5),False
1818,21101-21111,574576-574886,"(game-time > 6) |     (housing-headroom < 2) |     (population-headroom != 0) |     (can-build-with-escrow house) |     (up-pending-objects c: house < 1)",,(up-build place-control gl-escrow-state c: house) || (up-set-placement-data me -1 c: -5),,1819,,c:;house,,(up-pending-objects c: house < 1),(up-build place-control gl-escrow-state c: house),(up-build place-control gl-escrow-state c: house) || (up-set-placement-data me -1 c: -5),False
1819,21113-21120,574890-575081,(can-build house),,(up-set-placement-data me villager-class c: 0) || (up-build place-control 0 c: house) || (up-assign-builders c: house c: 2),,1820,,house,,,,(up-set-placement-data me villager-class c: 0) || (up-build place-control 0 c: house),True
1820,21122-21134,575085-575459,";	(game-time < 15) |     (can-build house) |     (civilian-population < 6) |     (building-type-count-total house > 0) |     (or	(up-gaia-type-count c: sheep > 1) |     (up-object-type-count c: sheep > 0))",,(up-set-placement-data me villager-class c: 1) || (up-build place-control 0 c: house) || (up-assign-builders c: house c: 1),,1821,,house,,(building-type-count-total house > 0),,(up-set-placement-data me villager-class c: 1) || (up-build place-control 0 c: house),True
1821,21136-21140,575463-575514,(true),(set-goal goal 12),,,1822,goal,,,,,,False
1822,21142-21147,575518-575641,"(or	(goal gl-enemy-strategy DRUSH) |     (up-compare-goal gl-town-safe != YES))",(set-goal goal -5),,,1823,gl-enemy-strategy;gl-town-safe;goal,,,,,,False
1823,21149-21162,575645-576084,"(can-build house) |     (housing-headroom < 4) |     (population-headroom != 0) |     (building-type-count house < 5) |     (up-pending-objects c: house < 1)",(set-strategic-number sn-placement-zone-size 5) || (set-strategic-number sn-placement-fail-delta 2),(up-set-placement-data me -1 c: 10) || (set-strategic-number sn-placement-zone-size 5) || (set-strategic-number sn-placement-fail-delta 2) || (up-build place-control 0 c: house) || (up-assign-builders c: house c: 1),,1824,,c:;house,,(building-type-count house < 5) || (up-pending-objects c: house < 1),,(up-set-placement-data me -1 c: 10) || (set-strategic-number sn-placement-zone-size 5) || (set-strategic-number sn-placement-fail-delta 2) || (up-build place-control 0 c: house),False
1824,21164-21178,576088-576575,"(can-build house) |     (housing-headroom < 4) |     (population-headroom != 0) |     (building-type-count house >= 5) |     (up-pending-objects c: house < 1) |     (building-type-count archery-range < 1)",(set-strategic-number sn-placement-zone-size 5) || (set-strategic-number sn-placement-fail-delta 2),(up-set-placement-data me -1 g: goal) || (set-strategic-number sn-placement-zone-size 5) || (set-strategic-number sn-placement-fail-delta 2) || (up-build place-control 0 c: house) || (up-assign-builders c: house c: 1),,1825,,archery-range;c:;house,(building-type-count house >= 5),(building-type-count house >= 5) || (up-pending-objects c: house < 1) || (building-type-count archery-range < 1),,(up-set-placement-data me -1 g: goal) || (set-strategic-number sn-placement-zone-size 5) || (set-strategic-number sn-placement-fail-delta 2) || (up-build place-control 0 c: house),False
1825,21180-21193,576579-577045,"(can-build house) |     (housing-headroom < 10) |     (population-headroom != 0) |     (up-pending-objects c: house < 1) |     (or	(and(goal gl-strategy KRUSH) |     (building-type-count-total stable >= 2)) |     (building-type-count-total archery-range >= 2))",(set-strategic-number sn-placement-zone-size 5) || (set-strategic-number sn-placement-fail-delta 2),(up-set-placement-data me -1 g: goal) || (set-strategic-number sn-placement-zone-size 5) || (set-strategic-number sn-placement-fail-delta 2) || (up-build place-control 0 c: house),,1826,gl-strategy,archery-range;c:;house;stable,(building-type-count-total stable >= 2)) || (building-type-count-total archery-range >= 2)),(up-pending-objects c: house < 1) || (building-type-count-total stable >= 2)) || (building-type-count-total archery-range >= 2)),,(up-set-placement-data me -1 g: goal) || (set-strategic-number sn-placement-zone-size 5) || (set-strategic-number sn-placement-fail-delta 2) || (up-build place-control 0 c: house),False
1826,21195-21208,577049-577457,"(can-build house) |     (housing-headroom < 15) |     (population-headroom != 0) |     (up-pending-objects c: house < 2) |     (or	(and(goal gl-strategy FLUSH) |     (building-type-count stable >= 1)) |     (or	(and(goal gl-strategy KRUSH) |     (building-type-count-total stable >= 3)) |     (and(goal gl-strategy SIEGE) |     (building-type-count siege-workshop >= 1))))",(set-goal SPLIT 1),,,1827,SPLIT;gl-strategy,c:;house;siege-workshop;stable,(building-type-count stable >= 1)) || (building-type-count-total stable >= 3)) || (building-type-count siege-workshop >= 1)))),(up-pending-objects c: house < 2) || (building-type-count stable >= 1)) || (building-type-count-total stable >= 3)) || (building-type-count siege-workshop >= 1)))),,,False
1827,21210-21218,577461-577711,(goal SPLIT 1),(set-strategic-number sn-placement-zone-size 5) || (set-strategic-number sn-placement-fail-delta 2) || (set-goal SPLIT 0),(up-set-placement-data me -1 g: goal) || (set-strategic-number sn-placement-zone-size 5) || (set-strategic-number sn-placement-fail-delta 2) || (up-build place-control 0 c: house),,1828,SPLIT,,,,,(up-set-placement-data me -1 g: goal) || (set-strategic-number sn-placement-zone-size 5) || (set-strategic-number sn-placement-fail-delta 2) || (up-build place-control 0 c: house),False
1828,21222-21235,577771-578171,"(goal gl-fifth-turn 1) |     (civilian-population >= 7) |     (or	(housing-headroom >= 5) |     (civilian-population >= 15)) |     (goal gl-current-build-item LC1) |     (can-build-with-escrow lumber-camp)",(set-strategic-number sn-allow-adjacent-dropsites 1) || (set-escrow-percentage wood 0) || (release-escrow wood),(set-strategic-number sn-allow-adjacent-dropsites 1) || (build lumber-camp),,1829,gl-current-build-item;gl-fifth-turn,lumber-camp,,,(set-escrow-percentage wood 0) || (release-escrow wood),,False
1829,21238-21244,578213-578396,"(goal gl-dark-build LumberFirst) |     (up-compare-goal gl-build-progress > 1) |     (building-type-count-total lumber-camp < 1)",(set-goal gl-build-progress 1),,,1830,gl-build-progress;gl-dark-build,lumber-camp,,(building-type-count-total lumber-camp < 1),,,False
1830,21246-21252,578400-578581,"(goal gl-dark-build MillFirst) |     (up-compare-goal gl-build-progress > 2) |     (building-type-count-total lumber-camp < 1)",(set-goal gl-build-progress 2),,,1831,gl-build-progress;gl-dark-build,lumber-camp,,(building-type-count-total lumber-camp < 1),,,False
1831,21254-21264,578585-578983,"(up-compare-goal gl-current-build-item != LC1) |     (or	(and(goal gl-dark-build MillFirst) |     (up-compare-goal gl-build-progress == 2)) |     (and(goal gl-dark-build LumberFirst) |     (up-compare-goal gl-build-progress == 1)))",(set-escrow-percentage wood LOW-ESCROW) || (set-goal gl-current-build-item LC1),,,1832,gl-build-progress;gl-current-build-item;gl-dark-build,,,,(set-escrow-percentage wood LOW-ESCROW),,False
1832,21267-21273,579027-579215,"(goal gl-current-build-item LC1) |     (building-type-count-total lumber-camp >= 1)",(up-modify-goal gl-build-progress c:+ 1),,,1833,gl-build-progress;gl-current-build-item,lumber-camp,(building-type-count-total lumber-camp >= 1),(building-type-count-total lumber-camp >= 1),,,False
1833,21276-21286,579246-579525,"(can-build lumber-camp) |     (current-age >= feudal-age) |     (up-gaia-type-count c: wood > 20) |     (building-type-count-total lumber-camp < 1)",;	(set-goal gl-allow-mill YES),(build lumber-camp),,1834,gl-allow-mill,lumber-camp,,(building-type-count-total lumber-camp < 1),,,True
1834,21290-21297,579580-579798,"(goal gl-strategy FLUSH) |     (goal gl-current-build-item LC2) |     (building-type-count-total lumber-camp >= 2)",(up-modify-goal gl-build-progress c:+ 1),,,1835,gl-build-progress;gl-current-build-item;gl-strategy,lumber-camp,(building-type-count-total lumber-camp >= 2),(building-type-count-total lumber-camp >= 2),,,False
1835,21299-21314,579802-580305,"(goal gl-strategy FLUSH) |     (goal gl-current-build-item LC2) |     (or	(game-time >= 480) |     (or	(wood-amount >= 110) |     (housing-headroom >= 5))) |     (can-build-with-escrow lumber-camp) |     (building-type-count-total lumber-camp < 2)",(set-strategic-number sn-dropsite-separation-distance 3) || (set-strategic-number sn-allow-adjacent-dropsites 1) || (set-escrow-percentage wood 0) || (release-escrow wood),(set-strategic-number sn-dropsite-separation-distance 3) || (set-strategic-number sn-allow-adjacent-dropsites 1) || (build lumber-camp),,1836,gl-current-build-item;gl-strategy,lumber-camp,,(building-type-count-total lumber-camp < 2),(set-escrow-percentage wood 0) || (release-escrow wood),,False
1836,21316-21322,580309-580522,";come back if skipped |     (goal gl-strategy FLUSH) |     (building-type-count-total lumber-camp < 2) |     (up-compare-goal gl-build-progress > LC2Number)",(set-goal gl-build-progress LC2Number),,,1837,gl-build-progress;gl-strategy,lumber-camp,,(building-type-count-total lumber-camp < 2),,,False
1837,21324-21332,580526-580827,"(goal gl-strategy FLUSH) |     (up-compare-goal gl-current-build-item != LC2) |     (up-compare-goal gl-build-progress == LC2Number)",(set-escrow-percentage wood LOW-ESCROW) || (set-goal gl-current-build-item LC2),,,1838,gl-build-progress;gl-current-build-item;gl-strategy,,,,(set-escrow-percentage wood LOW-ESCROW),,False
1838,21335-21342,580854-581078,"(goal gl-strategy KRUSH) |     (goal gl-current-build-item LC2) |     (building-type-count-total lumber-camp >= 2)",(up-modify-goal gl-build-progress c:+ 1),,,1839,gl-build-progress;gl-current-build-item;gl-strategy,lumber-camp,(building-type-count-total lumber-camp >= 2),(building-type-count-total lumber-camp >= 2),,,False
1839,21344-21359,581082-581591,"(goal gl-strategy KRUSH) |     (goal gl-current-build-item LC2) |     (or	(game-time >= 480) |     (or	(wood-amount >= 110) |     (housing-headroom >= 5))) |     (can-build-with-escrow lumber-camp) |     (building-type-count-total lumber-camp < 2)",(set-strategic-number sn-dropsite-separation-distance 3) || (set-strategic-number sn-allow-adjacent-dropsites 1) || (set-escrow-percentage wood 0) || (release-escrow wood),(set-strategic-number sn-dropsite-separation-distance 3) || (set-strategic-number sn-allow-adjacent-dropsites 1) || (build lumber-camp),,1840,gl-current-build-item;gl-strategy,lumber-camp,,(building-type-count-total lumber-camp < 2),(set-escrow-percentage wood 0) || (release-escrow wood),,False
1840,21361-21367,581595-581818,";come back if skipped |     (goal gl-strategy KRUSH) |     (building-type-count-total lumber-camp < 2) |     (up-compare-goal gl-build-progress > KrushLC2Number)",(set-goal gl-build-progress KrushLC2Number),,,1841,gl-build-progress;gl-strategy,lumber-camp,,(building-type-count-total lumber-camp < 2),,,False
1841,21369-21376,581822-582089,"(goal gl-strategy KRUSH) |     (up-compare-goal gl-current-build-item != LC2) |     (up-compare-goal gl-build-progress == KrushLC2Number)",(set-goal gl-current-build-item LC2),,,1842,gl-build-progress;gl-current-build-item;gl-strategy,,,,,,False
1842,21380-21392,582143-582558,"(goal gl-strategy FLUSH) |     (goal gl-progression-pause -1) |     (goal gl-current-build-item LC3) |     (can-build-with-escrow lumber-camp)",(set-escrow-percentage wood 0) || (set-strategic-number sn-dropsite-separation-distance 3) || (set-strategic-number sn-allow-adjacent-dropsites 1) || (release-escrow wood),(set-strategic-number sn-dropsite-separation-distance 3) || (set-strategic-number sn-allow-adjacent-dropsites 1) || (build lumber-camp),,1843,gl-current-build-item;gl-progression-pause;gl-strategy,lumber-camp,,,(set-escrow-percentage wood 0) || (release-escrow wood),,False
1843,21394-21400,582562-582775,";come back if skipped |     (goal gl-strategy FLUSH) |     (up-compare-goal gl-build-progress > LC3Number) |     (building-type-count-total lumber-camp < 3)",(set-goal gl-build-progress LC3Number),,,1844,gl-build-progress;gl-strategy,lumber-camp,,(building-type-count-total lumber-camp < 3),,,False
1844,21402-21410,582779-583080,"(goal gl-strategy FLUSH) |     (up-compare-goal gl-current-build-item != LC3) |     (up-compare-goal gl-build-progress == LC3Number)",(set-escrow-percentage wood LOW-ESCROW) || (set-goal gl-current-build-item LC3),,,1845,gl-build-progress;gl-current-build-item;gl-strategy,,,,(set-escrow-percentage wood LOW-ESCROW),,False
1845,21412-21419,583084-583316,"(goal gl-strategy FLUSH) |     (goal gl-current-build-item LC3) |     (building-type-count-total lumber-camp >= 3)",(up-modify-goal gl-build-progress c:+ 1),,,1846,gl-build-progress;gl-current-build-item;gl-strategy,lumber-camp,(building-type-count-total lumber-camp >= 3),(building-type-count-total lumber-camp >= 3),,,False
1846,21422-21434,583343-583764,"(goal gl-strategy KRUSH) |     (goal gl-progression-pause -1) |     (goal gl-current-build-item LC3) |     (can-build-with-escrow lumber-camp)",(set-escrow-percentage wood 0) || (set-strategic-number sn-dropsite-separation-distance 3) || (set-strategic-number sn-allow-adjacent-dropsites 1) || (release-escrow wood),(set-strategic-number sn-dropsite-separation-distance 3) || (set-strategic-number sn-allow-adjacent-dropsites 1) || (build lumber-camp),,1847,gl-current-build-item;gl-progression-pause;gl-strategy,lumber-camp,,,(set-escrow-percentage wood 0) || (release-escrow wood),,False
1847,21436-21442,583768-583991,";come back if skipped |     (goal gl-strategy KRUSH) |     (building-type-count-total lumber-camp < 3) |     (up-compare-goal gl-build-progress > KrushLC3Number)",(set-goal gl-build-progress KrushLC3Number),,,1848,gl-build-progress;gl-strategy,lumber-camp,,(building-type-count-total lumber-camp < 3),,,False
1848,21444-21452,583995-584307,"(goal gl-strategy KRUSH) |     (up-compare-goal gl-current-build-item != LC3) |     (up-compare-goal gl-build-progress == KrushLC3Number)",(set-escrow-percentage wood LOW-ESCROW) || (set-goal gl-current-build-item LC3),,,1849,gl-build-progress;gl-current-build-item;gl-strategy,,,,(set-escrow-percentage wood LOW-ESCROW),,False
1849,21454-21461,584311-584549,"(goal gl-strategy KRUSH) |     (goal gl-current-build-item LC3) |     (building-type-count-total lumber-camp >= 3)",(up-modify-goal gl-build-progress c:+ 1),,,1850,gl-build-progress;gl-current-build-item;gl-strategy,lumber-camp,(building-type-count-total lumber-camp >= 3),(building-type-count-total lumber-camp >= 3),,,False
1850,21464-21468,584577-584626,(true),,,1854,1851,,,,,,,False
1851,21470-21479,584630-584894,"(goal gl-progression-pause -1) |     (goal gl-current-build-item LC4) |     (can-build-with-escrow lumber-camp)",(set-escrow-percentage wood 0) || (release-escrow wood),(build lumber-camp),,1852,gl-current-build-item;gl-progression-pause,lumber-camp,,,(set-escrow-percentage wood 0) || (release-escrow wood),,False
1852,21481-21487,584898-585111,";come back if skipped |     (goal gl-strategy FLUSH) |     (building-type-count-total lumber-camp < 4) |     (up-compare-goal gl-build-progress > LC4Number)",(set-goal gl-build-progress LC4Number),,,1853,gl-build-progress;gl-strategy,lumber-camp,,(building-type-count-total lumber-camp < 4),,,False
1853,21489-21497,585115-585416,"(goal gl-strategy FLUSH) |     (up-compare-goal gl-current-build-item != LC4) |     (up-compare-goal gl-build-progress == LC4Number)",(set-goal gl-current-build-item LC4) || (set-escrow-percentage wood LOW-ESCROW),,,1854,gl-build-progress;gl-current-build-item;gl-strategy,,,,(set-escrow-percentage wood LOW-ESCROW),,False
1854,21499-21505,585420-585623,"(goal gl-current-build-item LC4) |     (building-type-count-total lumber-camp >= 4)",(up-modify-goal gl-build-progress c:+ 1),,,1855,gl-build-progress;gl-current-build-item,lumber-camp,(building-type-count-total lumber-camp >= 4),(building-type-count-total lumber-camp >= 4),,,False
1855,21509-21522,585688-586203,"(or	(game-time >= 1570)	;25.5 min |     (and(game-time >= 1260)	;21 min |     (goal gl-strategy KRUSH))) |     (or	(up-timer-status t-lc != timer-running) |     (dropsite-min-distance wood >= 5)) |     (up-can-build gl-escrow-state c: lumber-camp)",(set-strategic-number sn-dropsite-separation-distance 3) || (set-strategic-number sn-allow-adjacent-dropsites 1),(set-strategic-number sn-dropsite-separation-distance 3) || (up-build place-normal gl-escrow-state c: lumber-camp) || (set-strategic-number sn-allow-adjacent-dropsites 1),,1856,gl-strategy,,,,(up-build place-normal gl-escrow-state c: lumber-camp),(up-build place-normal gl-escrow-state c: lumber-camp),False
1856,21527-21536,586275-586514,"(food-amount < 50) |     (can-buy-commodity food) |     (or	(gold-amount >= 230) |     (and(gold-amount >= 170) |     (up-compare-goal gl-build-progress < 13)))",,,,1857,gl-build-progress,,,,,,False
1857,21538-21550,586518-586849,"(can-buy-commodity food) |     (or	(and(food-amount < 800) |     (gold-amount >= 300)) |     (or	(and(food-amount < 550) |     (gold-amount >= 240)) |     (and(food-amount < 640) |     (gold-amount >= 280)))) |     (goal gl-current-build-item CUP)",,,,1858,gl-current-build-item,,,,,,False
1858,21553-21563,586869-587177,"(wood-amount < 50) |     (or	(gold-amount >= 320) |     (and(gold-amount >= 240) |     (or	(up-compare-goal gl-current-build-item < LC3) |     (up-compare-goal gl-current-build-item >= GOLDMINING)))) |     (can-buy-commodity wood)",,,,1859,gl-current-build-item,,,,,,False
1859,21567-21575,587216-587437,"(gold-amount < 100) |     (food-amount >= 320) |     (can-sell-commodity food) |     (up-research-status c: castle-age >= research-pending)",,,,1860,,,,,,,False
1860,21577-21587,587441-587713,"(can-sell-commodity food) |     (or	(and(gold-amount < 160) |     (food-amount >= 880)) |     (and(gold-amount < 200) |     (food-amount >= 980))) |     (goal gl-current-build-item CUP)",,,,1861,gl-current-build-item,,,,,,False
1861,21590-21598,587733-587969,"(wood-amount >= 270) |     (goal gl-strategy FLUSH) |     (can-sell-commodity wood) |     (up-compare-goal gl-build-progress >= ExtraStablesNumber)",,,,1862,gl-build-progress;gl-strategy,,,,,,False
1862,21600-21607,587973-588161,"(wood-amount >= 260) |     (can-sell-commodity wood) |     (goal gl-current-build-item EXTRA-STABLES)",,,,1863,gl-current-build-item,,,,,,False
1863,21609-21621,588165-588536,"(can-sell-commodity wood) |     (up-compare-goal gl-current-build-item != EXTRA-STABLES) |     (or	(and(gold-amount < 60) |     (wood-amount >= 260)) |     (and(food-amount < 60) |     (or	(wood-amount >= 270) |     (and(wood-amount >= 190) |     (up-compare-goal gl-build-progress < 13)))))",,,,1864,gl-build-progress;gl-current-build-item,,,,,,False
1864,21623-21632,588540-588776,"(wood-amount >= 150) |     (or	(food-amount < 750) |     (gold-amount < 160)) |     (can-sell-commodity wood) |     (goal gl-current-build-item CUP)",,,,1865,gl-current-build-item,,,,,,False
1865,21635-21647,588797-589104,"(false) |     (can-sell-commodity stone) |     (or	(and(gold-amount < 100) |     (stone-amount >= 220)) |     (or	(and(wood-amount < 100) |     (stone-amount >= 220)) |     (and(food-amount < 100) |     (stone-amount >= 230))))",,,,1866,,,,,,,False
1866,21651-21665,589166-589626,"(can-build-with-escrow mill) |     (or (resource-found food) |     (game-time >= SkipMillTime)) |     (goal gl-current-build-item MILL1) |     (building-type-count-total mill < 1) |     (up-timer-status t-build-delay != timer-running)",(set-strategic-number sn-allow-adjacent-dropsites 0) || (set-escrow-percentage wood 0) || (release-escrow wood),(set-strategic-number sn-allow-adjacent-dropsites 0) || (build mill),,1867,gl-current-build-item,mill,,(building-type-count-total mill < 1),(set-escrow-percentage wood 0) || (release-escrow wood),,False
1867,21667-21673,589630-589815,"(goal gl-current-build-item MILL1) |     (building-type-count-total mill >= 1)",(up-modify-goal gl-build-progress c:+ 1),,,1868,gl-build-progress;gl-current-build-item,mill,(building-type-count-total mill >= 1),(building-type-count-total mill >= 1),,,False
1868,21675-21682,589819-590049,";if skipped come back |     ;	(game-time < SkipMillTime) |     (goal gl-dark-build MillFirst) |     (building-type-count-total mill < 1) |     (up-compare-goal gl-build-progress > 1)",(set-goal gl-build-progress 1),,,1869,gl-build-progress;gl-dark-build,mill,,(building-type-count-total mill < 1),,,False
1869,21684-21691,590053-590286,";if skipped come back |     ;	(game-time >= SkipMillTime) |     (goal gl-dark-build LumberFirst) |     (building-type-count-total mill < 1) |     (up-compare-goal gl-build-progress > 2)",(set-goal gl-build-progress 2),,,1870,gl-build-progress;gl-dark-build,mill,,(building-type-count-total mill < 1),,,False
1870,21693-21703,590290-590694,"(up-compare-goal gl-current-build-item != MILL1) |     (or	(and(goal gl-dark-build MillFirst) |     (up-compare-goal gl-build-progress == 1)) |     (and(goal gl-dark-build LumberFirst) |     (up-compare-goal gl-build-progress == 2)))",(set-escrow-percentage wood LOW-ESCROW) || (set-goal gl-current-build-item MILL1),,,1871,gl-build-progress;gl-current-build-item;gl-dark-build,,,,(set-escrow-percentage wood LOW-ESCROW),,False
1871,21706-21716,590725-590972,"(can-build mill) |     (resource-found food) |     (current-age >= feudal-age) |     (building-type-count-total mill < 1)",;	(set-goal gl-allow-mill YES),(build mill),,1872,gl-allow-mill,mill,,(building-type-count-total mill < 1),,,True
1872,21718-21722,590976-591028,(true),(set-goal goal -12),,,1873,goal,,,,,,False
1873,21724-21728,591032-591115,(building-type-count-total mill == 2),(set-goal goal -10),,,1874,goal,mill,(building-type-count-total mill == 2),(building-type-count-total mill == 2),,,False
1874,21730-21734,591119-591201,(building-type-count-total mill == 3),(set-goal goal 10),,,1875,goal,mill,(building-type-count-total mill == 3),(building-type-count-total mill == 3),,,False
1875,21736-21746,591205-591515,"(goal MILL YES) |     (can-build mill) |     (building-type-count-total mill < 4)",(set-goal MILL NO),(up-set-placement-data me mill g: goal) || (up-build place-control 0 c: mill) || (up-assign-builders c: mill c: 1),,1876,MILL,mill,,(building-type-count-total mill < 4),,(up-set-placement-data me mill g: goal) || (up-build place-control 0 c: mill),False
1876,21748-21760,591519-591954,"(up-compare-goal MILL != YES) |     (not(up-pending-placement c: mill)) |     (or	(and(building-type-count-total mill < 2) |     (building-type-count-total farm > 20)) |     (or	(and(building-type-count-total mill < 3) |     (building-type-count-total farm > 28)) |     (and(building-type-count-total mill < 4) |     (building-type-count-total farm > 38))))",(set-goal MILL YES),,,1877,MILL,farm;mill,,(or	(and(building-type-count-total mill < 2) || (building-type-count-total farm > 20)) || (or	(and(building-type-count-total mill < 3) || (building-type-count-total farm > 28)) || (and(building-type-count-total mill < 4) || (building-type-count-total farm > 38)))),,,False
1877,21766-21779,592056-592570,";failsafe |     (game-time < 1200) |     (goal gl-strategy KRUSH) |     (goal gl-progression-pause -1) |     (can-build-with-escrow mining-camp) |     (goal gl-current-build-item GOLDMC1) |     (building-type-count-total mining-camp >= 1)",(set-strategic-number sn-allow-adjacent-dropsites 0) || (set-strategic-number sn-placement-fail-delta 0) || (set-strategic-number sn-placement-zone-size 5),(set-strategic-number sn-allow-adjacent-dropsites 0) || (set-strategic-number sn-placement-fail-delta 0) || (set-strategic-number sn-placement-zone-size 5) || (up-build place-normal gl-escrow-state c: mining-camp),,1878,gl-current-build-item;gl-progression-pause;gl-strategy,mining-camp,(building-type-count-total mining-camp >= 1),(building-type-count-total mining-camp >= 1),(up-build place-normal gl-escrow-state c: mining-camp),(set-strategic-number sn-placement-fail-delta 0) || (set-strategic-number sn-placement-zone-size 5) || (up-build place-normal gl-escrow-state c: mining-camp),False
1878,21781-21796,592574-593155,"(goal gl-progression-pause -1) |     (goal gl-strategy KRUSH) |     (can-build-with-escrow mining-camp) |     (goal gl-current-build-item GOLDMC1) |     (building-type-count-total mining-camp < 1)",(set-strategic-number sn-focus-player-number 0),(up-full-reset-search) || (set-strategic-number sn-focus-player-number 0) || (up-find-remote c: gold-mine c: 40) || (up-remove-objects search-remote -1 > 0),,1879,gl-current-build-item;gl-progression-pause;gl-strategy,mining-camp,,(building-type-count-total mining-camp < 1),,,False
1879,21798-21809,593159-593514,"(goal gl-tenth-turn 1) |     (goal gl-strategy KRUSH) |     (goal gl-progression-pause -1) |     (dropsite-min-distance gold > 3) |     (can-build-with-escrow mining-camp) |     (goal gl-current-build-item GOLDMC1) |     (up-set-target-object search-remote c: 0) |     (up-timer-status t-build-delay != timer-running)",(set-goal SPLIT 1),,,1880,SPLIT;gl-current-build-item;gl-progression-pause;gl-strategy;gl-tenth-turn,mining-camp,,,,,False
1880,21811-21827,593518-594111,(goal SPLIT 1),(set-strategic-number sn-placement-zone-size 5) || (set-strategic-number sn-placement-fail-delta 0) || (set-strategic-number sn-allow-adjacent-dropsites 0) || (set-strategic-number sn-dropsite-separation-distance 10) || (release-escrow wood) || (set-escrow-percentage wood 0) || (set-goal SPLIT 0),(up-get-point position-object point-x) || (set-strategic-number sn-placement-zone-size 5) || (set-strategic-number sn-placement-fail-delta 0) || (set-strategic-number sn-allow-adjacent-dropsites 0) || (set-strategic-number sn-dropsite-separation-distance 10) || (up-build place-point 0 c: mining-camp),,1881,SPLIT,,,,(release-escrow wood) || (set-escrow-percentage wood 0),(set-strategic-number sn-placement-zone-size 5) || (set-strategic-number sn-placement-fail-delta 0) || (up-build place-point 0 c: mining-camp),False
1881,21829-21835,594115-594334,";come back if skipped |     (goal gl-strategy KRUSH) |     (dropsite-min-distance gold >= 5) |     (up-compare-goal gl-build-progress > KrushGoldMCNumber)",(set-goal gl-build-progress KrushGoldMCNumber),,,1882,gl-build-progress;gl-strategy,,,,,,False
1882,21837-21844,594338-594620,"(goal gl-strategy KRUSH) |     (up-compare-goal gl-current-build-item != GOLDMC1) |     (up-compare-goal gl-build-progress == KrushGoldMCNumber)",(set-goal gl-current-build-item GOLDMC1),,,1883,gl-build-progress;gl-current-build-item;gl-strategy,,,,,,False
1883,21846-21854,594624-594879,"(goal gl-strategy KRUSH) |     (dropsite-min-distance gold < 5) |     (goal gl-current-build-item GOLDMC1)",(up-modify-goal gl-build-progress c:+ 1),,,1884,gl-build-progress;gl-current-build-item;gl-strategy,,,,,,True
1884,21857-21870,594903-595421,";failsafe |     (goal gl-fifth-turn 1) |     (goal gl-strategy FLUSH) |     (goal gl-progression-pause -1) |     (can-build-with-escrow mining-camp) |     (goal gl-current-build-item GOLDMC1) |     (building-type-count-total mining-camp >= 1)",(set-strategic-number sn-allow-adjacent-dropsites 0) || (set-strategic-number sn-placement-fail-delta 0) || (set-strategic-number sn-placement-zone-size 5),(set-strategic-number sn-allow-adjacent-dropsites 0) || (set-strategic-number sn-placement-fail-delta 0) || (set-strategic-number sn-placement-zone-size 5) || (up-build place-normal gl-escrow-state c: mining-camp),,1885,gl-current-build-item;gl-fifth-turn;gl-progression-pause;gl-strategy,mining-camp,(building-type-count-total mining-camp >= 1),(building-type-count-total mining-camp >= 1),(up-build place-normal gl-escrow-state c: mining-camp),(set-strategic-number sn-placement-fail-delta 0) || (set-strategic-number sn-placement-zone-size 5) || (up-build place-normal gl-escrow-state c: mining-camp),False
1885,21872-21887,595425-596006,"(goal gl-strategy FLUSH) |     (goal gl-progression-pause -1) |     (can-build-with-escrow mining-camp) |     (goal gl-current-build-item GOLDMC1) |     (building-type-count-total mining-camp < 1)",(set-strategic-number sn-focus-player-number 0),(up-full-reset-search) || (set-strategic-number sn-focus-player-number 0) || (up-find-remote c: gold-mine c: 40) || (up-remove-objects search-remote -1 > 0),,1886,gl-current-build-item;gl-progression-pause;gl-strategy,mining-camp,,(building-type-count-total mining-camp < 1),,,False
1886,21889-21900,596010-596365,"(goal gl-tenth-turn 1) |     (goal gl-strategy FLUSH) |     (goal gl-progression-pause -1) |     (dropsite-min-distance gold > 3) |     (can-build-with-escrow mining-camp) |     (goal gl-current-build-item GOLDMC1) |     (up-set-target-object search-remote c: 0) |     (up-timer-status t-build-delay != timer-running)",(set-goal SPLIT 1),,,1887,SPLIT;gl-current-build-item;gl-progression-pause;gl-strategy;gl-tenth-turn,mining-camp,,,,,False
1887,21902-21918,596369-596956,(goal SPLIT 1),(set-strategic-number sn-placement-zone-size 5) || (set-strategic-number sn-placement-fail-delta 0) || (set-strategic-number sn-allow-adjacent-dropsites 0) || (set-strategic-number sn-dropsite-separation-distance 10) || (release-escrow wood) || (set-escrow-percentage wood 0) || (set-goal SPLIT 0),(up-get-point position-object point-x) || (set-strategic-number sn-placement-zone-size 5) || (set-strategic-number sn-placement-fail-delta 0) || (set-strategic-number sn-allow-adjacent-dropsites 0) || (set-strategic-number sn-dropsite-separation-distance 10) || (up-build place-point 0 c: mining-camp),,1888,SPLIT,,,,(release-escrow wood) || (set-escrow-percentage wood 0),(set-strategic-number sn-placement-zone-size 5) || (set-strategic-number sn-placement-fail-delta 0) || (up-build place-point 0 c: mining-camp),False
1888,21920-21926,596960-597171,";come back if skipped |     (goal gl-strategy FLUSH) |     (dropsite-min-distance gold >= 5) |     (up-compare-goal gl-build-progress > GoldMC1Number)",(set-goal gl-build-progress GoldMC1Number),,,1889,gl-build-progress;gl-strategy,,,,,,False
1889,21928-21936,597175-597492,"(goal gl-strategy FLUSH) |     (up-compare-goal gl-current-build-item != GOLDMC1) |     (up-compare-goal gl-build-progress == GoldMC1Number)",(set-goal gl-current-build-item GOLDMC1) || (set-escrow-percentage wood LOW-ESCROW),,,1890,gl-build-progress;gl-current-build-item;gl-strategy,,,,(set-escrow-percentage wood LOW-ESCROW),,False
1890,21938-21945,597496-597725,"(goal gl-strategy FLUSH) |     (dropsite-min-distance gold < 5) |     (goal gl-current-build-item GOLDMC1)",(up-modify-goal gl-build-progress c:+ 1),,,1891,gl-build-progress;gl-current-build-item;gl-strategy,,,,,,False
1891,21948-21952,597753-597802,(true),,,1896,1892,,,,,,,False
1892,21954-21967,597806-598276,"(false) |     (goal gl-progression-pause -1) |     (can-build-with-escrow mining-camp) |     (goal gl-current-build-item GOLDMC2)",(set-strategic-number sn-focus-player-number 0),(up-full-reset-search) || (set-strategic-number sn-focus-player-number 0) || (up-find-remote c: gold-mine c: 30),,1893,gl-current-build-item;gl-progression-pause,mining-camp,,,,,False
1893,21969-21987,598280-598999,"(false) |     (goal gl-progression-pause -1) |     (can-build-with-escrow mining-camp) |     (goal gl-current-build-item GOLDMC2) |     (up-set-target-object search-remote c: 0) |     ;	(up-timer-status t-build-delay != timer-running)",(set-strategic-number sn-placement-zone-size 15) || (set-strategic-number sn-placement-fail-delta 2) || (set-strategic-number sn-allow-adjacent-dropsites 0) || (set-strategic-number sn-dropsite-separation-distance 25) || (release-escrow wood),(up-get-point position-object point-x) || (set-strategic-number sn-placement-zone-size 15) || (set-strategic-number sn-placement-fail-delta 2) || (set-strategic-number sn-allow-adjacent-dropsites 0) || (set-strategic-number sn-dropsite-separation-distance 25) || (up-build place-point 0 c: mining-camp),,1894,gl-current-build-item;gl-progression-pause,mining-camp,,,(release-escrow wood),(set-strategic-number sn-placement-zone-size 15) || (set-strategic-number sn-placement-fail-delta 2) || (up-build place-point 0 c: mining-camp),False
1894,21989-21995,599003-599224,";come back if skipped |     (goal gl-strategy FLUSH) |     (building-type-count-total mining-camp < 3) |     (up-compare-goal gl-build-progress > GoldMC2Number)",(set-goal gl-build-progress GoldMC2Number),,,1895,gl-build-progress;gl-strategy,mining-camp,,(building-type-count-total mining-camp < 3),,,False
1895,21997-22005,599228-599545,"(goal gl-strategy FLUSH) |     (up-compare-goal gl-current-build-item != GOLDMC2) |     (up-compare-goal gl-build-progress == GoldMC2Number)",(set-goal gl-current-build-item GOLDMC2) || (set-escrow-percentage wood LOW-ESCROW),,,1896,gl-build-progress;gl-current-build-item;gl-strategy,,,,(set-escrow-percentage wood LOW-ESCROW),,False
1896,22007-22013,599549-599761,"(goal gl-current-build-item GOLDMC2) |     (building-type-count-total mining-camp >= 3)",(up-modify-goal gl-build-progress c:+ 1),,,1897,gl-build-progress;gl-current-build-item,mining-camp,(building-type-count-total mining-camp >= 3),(building-type-count-total mining-camp >= 3),,,False
