direction,source_rule,target_rule,edge_kind,jump_delta,source_line,source_region,target_region,cross_boundary,source_fact_evidence,target_resolution_evidence,boundary_classification_evidence,raw_jump_or_successor,source_source_lines,source_state_reads,source_state_reads_evidence_class,source_state_writes,source_state_writes_evidence_class,source_escrow_mutations,source_escrow_mutations_evidence_class,source_command_issuance,source_command_issuance_evidence_class,source_pending_object_guards,source_pending_object_guards_evidence_class,source_world_state_milestones,source_world_state_milestones_evidence_class,target_source_lines,target_state_reads,target_state_reads_evidence_class,target_state_writes,target_state_writes_evidence_class,target_escrow_mutations,target_escrow_mutations_evidence_class,target_command_issuance,target_command_issuance_evidence_class,target_pending_object_guards,target_pending_object_guards_evidence_class,target_world_state_milestones,target_world_state_milestones_evidence_class,transition_state_effect,transition_state_effect_evidence_class
INCOMING,1793,1794,fall-through,,20819,OUTSIDE_R07,R07,YES,MECHANICALLY_DERIVED_SOURCE_ORDER,MECHANICALLY_DERIVED,MECHANICALLY_CLASSIFIED,rule 1793 -> rule 1794,20819-20828,NONE,NONE,(set-strategic-number sn-focus-player-number 0),DIRECT_DONOR_TEXT,NONE,NONE,(up-find-remote c: forage-bush c: 10); (up-full-reset-search); (up-set-target-point home-x),DIRECT_DONOR_TEXT,NONE,NONE,NONE,NONE,20831-20848,building-type-count-total blacksmith > 0; building-type-count-total farm < 17; building-type-count-total stable > 0; can-build-with-escrow farm; current-age == feudal-age; goal:gl-build-progress; goal:gl-strategy; goal:rt; idle-farm-count < 2; up-pending-objects c: farm < 3; wood-amount >= 320; wood-amount >= 90,DIRECT_DONOR_TEXT,NONE,NONE,NONE,NONE,(up-build place-normal gl-escrow-state c: farm),DIRECT_DONOR_TEXT,(up-pending-objects c: farm < 3),DIRECT_DONOR_TEXT,(building-type-count-total blacksmith > 0); (building-type-count-total farm < 17); (building-type-count-total stable > 0); (idle-farm-count < 2),DIRECT_DONOR_TEXT,writes=(set-strategic-number sn-focus-player-number 0) | commands=(up-find-remote c: forage-bush c: 10); (up-full-reset-search); (up-set-target-point home-x),MECHANICALLY_DERIVED
OUTGOING,1794,1795,fall-through,,20831,R07,R07,NO,MECHANICALLY_DERIVED_SOURCE_ORDER,MECHANICALLY_DERIVED,MECHANICALLY_CLASSIFIED,rule 1794 -> rule 1795,20831-20848,building-type-count-total blacksmith > 0; building-type-count-total farm < 17; building-type-count-total stable > 0; can-build-with-escrow farm; current-age == feudal-age; goal:gl-build-progress; goal:gl-strategy; goal:rt; idle-farm-count < 2; up-pending-objects c: farm < 3; wood-amount >= 320; wood-amount >= 90,DIRECT_DONOR_TEXT,NONE,NONE,NONE,NONE,(up-build place-normal gl-escrow-state c: farm),DIRECT_DONOR_TEXT,(up-pending-objects c: farm < 3),DIRECT_DONOR_TEXT,(building-type-count-total blacksmith > 0); (building-type-count-total farm < 17); (building-type-count-total stable > 0); (idle-farm-count < 2),DIRECT_DONOR_TEXT,20851-20857,goal:gl-current-build-item; goal:gl-strategy; up-pending-placement c: blacksmith,DIRECT_DONOR_TEXT,NONE,NONE,NONE,NONE,NONE,NONE,(up-pending-placement c: blacksmith),DIRECT_DONOR_TEXT,NONE,NONE,commands=(up-build place-normal gl-escrow-state c: farm),MECHANICALLY_DERIVED
OUTGOING,1795,1796,fall-through,,20851,R07,R07,NO,MECHANICALLY_DERIVED_SOURCE_ORDER,MECHANICALLY_DERIVED,MECHANICALLY_CLASSIFIED,rule 1795 -> rule 1796,20851-20857,goal:gl-current-build-item; goal:gl-strategy; up-pending-placement c: blacksmith,DIRECT_DONOR_TEXT,NONE,NONE,NONE,NONE,NONE,NONE,(up-pending-placement c: blacksmith),DIRECT_DONOR_TEXT,NONE,NONE,20859-20871,building-type-count-total archery-range >= 2; building-type-count-total farm < 10; building-type-count-total farm < 50; current-age >= feudal-age; goal:MILL; idle-farm-count < 2; up-pending-objects c: farm < 3; wood-amount >= 120; wood-amount >= 80,DIRECT_DONOR_TEXT,(set-goal SPLIT 1),DIRECT_DONOR_TEXT,NONE,NONE,NONE,NONE,(up-pending-objects c: farm < 3),DIRECT_DONOR_TEXT,"(and(wood-amount >= 80)
    (building-type-count-total farm < 10)); (building-type-count-total archery-range >= 2); (building-type-count-total farm < 10); (building-type-count-total farm < 50); (idle-farm-count < 2); (or	(wood-amount >= 120)
    (and(wood-amount >= 80)
    (building-type-count-total farm < 10)))",DIRECT_DONOR_TEXT,NONE,NONE
OUTGOING,1795,1796,up-jump,1,20851,R07,R07,NO,DIRECT_DONOR_TEXT,MECHANICALLY_DERIVED,MECHANICALLY_CLASSIFIED,(up-jump-rule 1),20851-20857,goal:gl-current-build-item; goal:gl-strategy; up-pending-placement c: blacksmith,DIRECT_DONOR_TEXT,NONE,NONE,NONE,NONE,NONE,NONE,(up-pending-placement c: blacksmith),DIRECT_DONOR_TEXT,NONE,NONE,20859-20871,building-type-count-total archery-range >= 2; building-type-count-total farm < 10; building-type-count-total farm < 50; current-age >= feudal-age; goal:MILL; idle-farm-count < 2; up-pending-objects c: farm < 3; wood-amount >= 120; wood-amount >= 80,DIRECT_DONOR_TEXT,(set-goal SPLIT 1),DIRECT_DONOR_TEXT,NONE,NONE,NONE,NONE,(up-pending-objects c: farm < 3),DIRECT_DONOR_TEXT,"(and(wood-amount >= 80)
    (building-type-count-total farm < 10)); (building-type-count-total archery-range >= 2); (building-type-count-total farm < 10); (building-type-count-total farm < 50); (idle-farm-count < 2); (or	(wood-amount >= 120)
    (and(wood-amount >= 80)
    (building-type-count-total farm < 10)))",DIRECT_DONOR_TEXT,NONE,NONE
OUTGOING,1796,1797,fall-through,,20859,R07,R07,NO,MECHANICALLY_DERIVED_SOURCE_ORDER,MECHANICALLY_DERIVED,MECHANICALLY_CLASSIFIED,rule 1796 -> rule 1797,20859-20871,building-type-count-total archery-range >= 2; building-type-count-total farm < 10; building-type-count-total farm < 50; current-age >= feudal-age; goal:MILL; idle-farm-count < 2; up-pending-objects c: farm < 3; wood-amount >= 120; wood-amount >= 80,DIRECT_DONOR_TEXT,(set-goal SPLIT 1),DIRECT_DONOR_TEXT,NONE,NONE,NONE,NONE,(up-pending-objects c: farm < 3),DIRECT_DONOR_TEXT,"(and(wood-amount >= 80)
    (building-type-count-total farm < 10)); (building-type-count-total archery-range >= 2); (building-type-count-total farm < 10); (building-type-count-total farm < 50); (idle-farm-count < 2); (or	(wood-amount >= 120)
    (and(wood-amount >= 80)
    (building-type-count-total farm < 10)))",DIRECT_DONOR_TEXT,20873-20882,building-type-count-total blacksmith >= 1; building-type-count-total farm < 10; building-type-count-total farm < 7; goal:SPLIT; goal:rt,DIRECT_DONOR_TEXT,(set-goal SPLIT 2),DIRECT_DONOR_TEXT,NONE,NONE,NONE,NONE,NONE,NONE,"(and(up-compare-goal rt < 2)
    (building-type-count-total farm < 10)); (and(up-compare-goal rt >= 2)
    (building-type-count-total farm < 7)); (building-type-count-total blacksmith >= 1); (building-type-count-total farm < 10); (building-type-count-total farm < 7); (or	(and(up-compare-goal rt >= 2)
    (building-type-count-total farm < 7))
    (and(up-compare-goal rt < 2)
    (building-type-count-total farm < 10))); (or	(building-type-count-total blacksmith >= 1)
    (or	(and(up-compare-goal rt >= 2)
    (building-type-count-total farm < 7))
    (and(up-compare-goal rt < 2)
    (building-type-count-total farm < 10))))",DIRECT_DONOR_TEXT,writes=(set-goal SPLIT 1),MECHANICALLY_DERIVED
OUTGOING,1797,1798,fall-through,,20873,R07,R07,NO,MECHANICALLY_DERIVED_SOURCE_ORDER,MECHANICALLY_DERIVED,MECHANICALLY_CLASSIFIED,rule 1797 -> rule 1798,20873-20882,building-type-count-total blacksmith >= 1; building-type-count-total farm < 10; building-type-count-total farm < 7; goal:SPLIT; goal:rt,DIRECT_DONOR_TEXT,(set-goal SPLIT 2),DIRECT_DONOR_TEXT,NONE,NONE,NONE,NONE,NONE,NONE,"(and(up-compare-goal rt < 2)
    (building-type-count-total farm < 10)); (and(up-compare-goal rt >= 2)
    (building-type-count-total farm < 7)); (building-type-count-total blacksmith >= 1); (building-type-count-total farm < 10); (building-type-count-total farm < 7); (or	(and(up-compare-goal rt >= 2)
    (building-type-count-total farm < 7))
    (and(up-compare-goal rt < 2)
    (building-type-count-total farm < 10))); (or	(building-type-count-total blacksmith >= 1)
    (or	(and(up-compare-goal rt >= 2)
    (building-type-count-total farm < 7))
    (and(up-compare-goal rt < 2)
    (building-type-count-total farm < 10))))",DIRECT_DONOR_TEXT,20884-20892,current-age == castle-age; goal:SPLIT; goal:gl-current-build-item; up-research-status c: ri-elite-skirmisher >= research-pending,DIRECT_DONOR_TEXT,NONE,NONE,NONE,NONE,(up-build place-normal gl-escrow-state c: farm),DIRECT_DONOR_TEXT,NONE,NONE,NONE,NONE,writes=(set-goal SPLIT 2),MECHANICALLY_DERIVED
OUTGOING,1798,1799,fall-through,,20884,R07,R07,NO,MECHANICALLY_DERIVED_SOURCE_ORDER,MECHANICALLY_DERIVED,MECHANICALLY_CLASSIFIED,rule 1798 -> rule 1799,20884-20892,current-age == castle-age; goal:SPLIT; goal:gl-current-build-item; up-research-status c: ri-elite-skirmisher >= research-pending,DIRECT_DONOR_TEXT,NONE,NONE,NONE,NONE,(up-build place-normal gl-escrow-state c: farm),DIRECT_DONOR_TEXT,NONE,NONE,NONE,NONE,20894-20899,NONE,NONE,(set-goal SPLIT 0); (set-goal gl-escrow-state with-escrow),DIRECT_DONOR_TEXT,(set-goal gl-escrow-state with-escrow),DIRECT_DONOR_TEXT,NONE,NONE,NONE,NONE,NONE,NONE,commands=(up-build place-normal gl-escrow-state c: farm),MECHANICALLY_DERIVED
OUTGOING,1799,1800,fall-through,,20894,R07,R07,NO,MECHANICALLY_DERIVED_SOURCE_ORDER,MECHANICALLY_DERIVED,MECHANICALLY_CLASSIFIED,rule 1799 -> rule 1800,20894-20899,NONE,NONE,(set-goal SPLIT 0); (set-goal gl-escrow-state with-escrow),DIRECT_DONOR_TEXT,(set-goal gl-escrow-state with-escrow),DIRECT_DONOR_TEXT,NONE,NONE,NONE,NONE,NONE,NONE,20902-20911,building-type-count-total farm < 50; can-build farm; goal:MILL; idle-farm-count < 2; up-pending-objects c: farm < 2; wood-amount >= 90,DIRECT_DONOR_TEXT,(set-goal SPLIT 1),DIRECT_DONOR_TEXT,NONE,NONE,NONE,NONE,(up-pending-objects c: farm < 2),DIRECT_DONOR_TEXT,(building-type-count-total farm < 50); (idle-farm-count < 2),DIRECT_DONOR_TEXT,writes=(set-goal SPLIT 0); (set-goal gl-escrow-state with-escrow) | escrow=(set-goal gl-escrow-state with-escrow),MECHANICALLY_DERIVED
OUTGOING,1800,1801,fall-through,,20902,R07,R07,NO,MECHANICALLY_DERIVED_SOURCE_ORDER,MECHANICALLY_DERIVED,MECHANICALLY_CLASSIFIED,rule 1800 -> rule 1801,20902-20911,building-type-count-total farm < 50; can-build farm; goal:MILL; idle-farm-count < 2; up-pending-objects c: farm < 2; wood-amount >= 90,DIRECT_DONOR_TEXT,(set-goal SPLIT 1),DIRECT_DONOR_TEXT,NONE,NONE,NONE,NONE,(up-pending-objects c: farm < 2),DIRECT_DONOR_TEXT,(building-type-count-total farm < 50); (idle-farm-count < 2),DIRECT_DONOR_TEXT,20913-20923,current-age >= castle-age; goal:SPLIT; goal:gl-current-build-item; goal:gl-strategy; up-research-status c: ri-horse-collar >= research-complete; wood-amount >= 260,DIRECT_DONOR_TEXT,NONE,NONE,NONE,NONE,(build farm),DIRECT_DONOR_TEXT,NONE,NONE,NONE,NONE,writes=(set-goal SPLIT 1),MECHANICALLY_DERIVED
OUTGOING,1801,1802,fall-through,,20913,R07,R07,NO,MECHANICALLY_DERIVED_SOURCE_ORDER,MECHANICALLY_DERIVED,MECHANICALLY_CLASSIFIED,rule 1801 -> rule 1802,20913-20923,current-age >= castle-age; goal:SPLIT; goal:gl-current-build-item; goal:gl-strategy; up-research-status c: ri-horse-collar >= research-complete; wood-amount >= 260,DIRECT_DONOR_TEXT,NONE,NONE,NONE,NONE,(build farm),DIRECT_DONOR_TEXT,NONE,NONE,NONE,NONE,20925-20929,NONE,NONE,(set-goal SPLIT 0),DIRECT_DONOR_TEXT,NONE,NONE,NONE,NONE,NONE,NONE,NONE,NONE,commands=(build farm),MECHANICALLY_DERIVED
OUTGOING,1802,1803,fall-through,,20925,R07,R07,NO,MECHANICALLY_DERIVED_SOURCE_ORDER,MECHANICALLY_DERIVED,MECHANICALLY_CLASSIFIED,rule 1802 -> rule 1803,20925-20929,NONE,NONE,(set-goal SPLIT 0),DIRECT_DONOR_TEXT,NONE,NONE,NONE,NONE,NONE,NONE,NONE,NONE,20932-20943,building-type-count-total archery-range >= 2; can-build gl-escrow-state c: farm; goal:gl-build-progress; goal:gl-escrow-state; goal:gl-second-turn; goal:gl-strategy; wood-amount >= 250; wood-amount >= 370,DIRECT_DONOR_TEXT,NONE,NONE,NONE,NONE,(up-build place-normal gl-escrow-state c: farm),DIRECT_DONOR_TEXT,NONE,NONE,"(and(wood-amount >= 250)
    (building-type-count-total archery-range >= 2)); (building-type-count-total archery-range >= 2); (or	(wood-amount >= 370)
    (and(wood-amount >= 250)
    (building-type-count-total archery-range >= 2)))",DIRECT_DONOR_TEXT,writes=(set-goal SPLIT 0),MECHANICALLY_DERIVED
OUTGOING,1803,1804,fall-through,,20932,R07,R07,NO,MECHANICALLY_DERIVED_SOURCE_ORDER,MECHANICALLY_DERIVED,MECHANICALLY_CLASSIFIED,rule 1803 -> rule 1804,20932-20943,building-type-count-total archery-range >= 2; can-build gl-escrow-state c: farm; goal:gl-build-progress; goal:gl-escrow-state; goal:gl-second-turn; goal:gl-strategy; wood-amount >= 250; wood-amount >= 370,DIRECT_DONOR_TEXT,NONE,NONE,NONE,NONE,(up-build place-normal gl-escrow-state c: farm),DIRECT_DONOR_TEXT,NONE,NONE,"(and(wood-amount >= 250)
    (building-type-count-total archery-range >= 2)); (building-type-count-total archery-range >= 2); (or	(wood-amount >= 370)
    (and(wood-amount >= 250)
    (building-type-count-total archery-range >= 2)))",DIRECT_DONOR_TEXT,20949-20963,building-type-count-total farm < 4; can-build-with-escrow farm; current-age == dark-age; goal:gl-current-build-item; goal:gl-strategy; housing-headroom >= 4; up-pending-objects c: farm < 1; wood-amount >= 90,DIRECT_DONOR_TEXT,NONE,NONE,(release-escrow wood),DIRECT_DONOR_TEXT,(build farm),DIRECT_DONOR_TEXT,(up-pending-objects c: farm < 1),DIRECT_DONOR_TEXT,"(building-type-count-total farm < 4); (housing-headroom >= 4); (or	(housing-headroom >= 4)
    (up-pending-objects c: farm < 1)); (or (wood-amount >= 90)		;be sure not to stop housing
    (or	(housing-headroom >= 4)
    (up-pending-objects c: farm < 1)))",DIRECT_DONOR_TEXT,commands=(up-build place-normal gl-escrow-state c: farm),MECHANICALLY_DERIVED
OUTGOING,1804,1805,fall-through,,20949,R07,R07,NO,MECHANICALLY_DERIVED_SOURCE_ORDER,MECHANICALLY_DERIVED,MECHANICALLY_CLASSIFIED,rule 1804 -> rule 1805,20949-20963,building-type-count-total farm < 4; can-build-with-escrow farm; current-age == dark-age; goal:gl-current-build-item; goal:gl-strategy; housing-headroom >= 4; up-pending-objects c: farm < 1; wood-amount >= 90,DIRECT_DONOR_TEXT,NONE,NONE,(release-escrow wood),DIRECT_DONOR_TEXT,(build farm),DIRECT_DONOR_TEXT,(up-pending-objects c: farm < 1),DIRECT_DONOR_TEXT,"(building-type-count-total farm < 4); (housing-headroom >= 4); (or	(housing-headroom >= 4)
    (up-pending-objects c: farm < 1)); (or (wood-amount >= 90)		;be sure not to stop housing
    (or	(housing-headroom >= 4)
    (up-pending-objects c: farm < 1)))",DIRECT_DONOR_TEXT,20965-20973,building-type-count-total farm >= 4; goal:gl-current-build-item; goal:gl-strategy,DIRECT_DONOR_TEXT,(disable-self); (up-modify-goal gl-build-progress c:+ 1),DIRECT_DONOR_TEXT,NONE,NONE,NONE,NONE,NONE,NONE,(building-type-count-total farm >= 4),DIRECT_DONOR_TEXT,escrow=(release-escrow wood) | commands=(build farm),MECHANICALLY_DERIVED
OUTGOING,1805,1806,fall-through,,20965,R07,R07,NO,MECHANICALLY_DERIVED_SOURCE_ORDER,MECHANICALLY_DERIVED,MECHANICALLY_CLASSIFIED,rule 1805 -> rule 1806,20965-20973,building-type-count-total farm >= 4; goal:gl-current-build-item; goal:gl-strategy,DIRECT_DONOR_TEXT,(disable-self); (up-modify-goal gl-build-progress c:+ 1),DIRECT_DONOR_TEXT,NONE,NONE,NONE,NONE,NONE,NONE,(building-type-count-total farm >= 4),DIRECT_DONOR_TEXT,20975-20981,building-type-count-total farm < 4; goal:gl-build-progress; goal:gl-strategy,DIRECT_DONOR_TEXT,(set-goal gl-build-progress KrushFarmsNumber),DIRECT_DONOR_TEXT,NONE,NONE,NONE,NONE,NONE,NONE,(building-type-count-total farm < 4),DIRECT_DONOR_TEXT,writes=(disable-self); (up-modify-goal gl-build-progress c:+ 1),MECHANICALLY_DERIVED
OUTGOING,1806,1807,fall-through,,20975,R07,R07,NO,MECHANICALLY_DERIVED_SOURCE_ORDER,MECHANICALLY_DERIVED,MECHANICALLY_CLASSIFIED,rule 1806 -> rule 1807,20975-20981,building-type-count-total farm < 4; goal:gl-build-progress; goal:gl-strategy,DIRECT_DONOR_TEXT,(set-goal gl-build-progress KrushFarmsNumber),DIRECT_DONOR_TEXT,NONE,NONE,NONE,NONE,NONE,NONE,(building-type-count-total farm < 4),DIRECT_DONOR_TEXT,20983-20990,goal:gl-build-progress; goal:gl-current-build-item; goal:gl-strategy,DIRECT_DONOR_TEXT,(set-goal gl-current-build-item FARMS),DIRECT_DONOR_TEXT,NONE,NONE,NONE,NONE,NONE,NONE,NONE,NONE,writes=(set-goal gl-build-progress KrushFarmsNumber),MECHANICALLY_DERIVED
OUTGOING,1807,1808,fall-through,,20983,R07,R07,NO,MECHANICALLY_DERIVED_SOURCE_ORDER,MECHANICALLY_DERIVED,MECHANICALLY_CLASSIFIED,rule 1807 -> rule 1808,20983-20990,goal:gl-build-progress; goal:gl-current-build-item; goal:gl-strategy,DIRECT_DONOR_TEXT,(set-goal gl-current-build-item FARMS),DIRECT_DONOR_TEXT,NONE,NONE,NONE,NONE,NONE,NONE,NONE,NONE,20993-21006,building-type-count-total farm < 7; can-build-with-escrow farm; current-age == dark-age; goal:gl-current-build-item; goal:gl-strategy; housing-headroom >= 3; up-pending-objects c: farm < 1; wood-amount >= 90,DIRECT_DONOR_TEXT,NONE,NONE,(release-escrow wood),DIRECT_DONOR_TEXT,(build farm),DIRECT_DONOR_TEXT,(up-pending-objects c: farm < 1),DIRECT_DONOR_TEXT,"(building-type-count-total farm < 7); (housing-headroom >= 3); (or (wood-amount >= 90)
    (housing-headroom >= 3))",DIRECT_DONOR_TEXT,writes=(set-goal gl-current-build-item FARMS),MECHANICALLY_DERIVED
OUTGOING,1808,1809,fall-through,,20993,R07,R07,NO,MECHANICALLY_DERIVED_SOURCE_ORDER,MECHANICALLY_DERIVED,MECHANICALLY_CLASSIFIED,rule 1808 -> rule 1809,20993-21006,building-type-count-total farm < 7; can-build-with-escrow farm; current-age == dark-age; goal:gl-current-build-item; goal:gl-strategy; housing-headroom >= 3; up-pending-objects c: farm < 1; wood-amount >= 90,DIRECT_DONOR_TEXT,NONE,NONE,(release-escrow wood),DIRECT_DONOR_TEXT,(build farm),DIRECT_DONOR_TEXT,(up-pending-objects c: farm < 1),DIRECT_DONOR_TEXT,"(building-type-count-total farm < 7); (housing-headroom >= 3); (or (wood-amount >= 90)
    (housing-headroom >= 3))",DIRECT_DONOR_TEXT,21008-21016,building-type-count-total farm >= 7; goal:gl-current-build-item; goal:gl-strategy,DIRECT_DONOR_TEXT,(disable-self); (up-modify-goal gl-build-progress c:+ 1),DIRECT_DONOR_TEXT,NONE,NONE,NONE,NONE,NONE,NONE,(building-type-count-total farm >= 7),DIRECT_DONOR_TEXT,escrow=(release-escrow wood) | commands=(build farm),MECHANICALLY_DERIVED
OUTGOING,1809,1810,fall-through,,21008,R07,R07,NO,MECHANICALLY_DERIVED_SOURCE_ORDER,MECHANICALLY_DERIVED,MECHANICALLY_CLASSIFIED,rule 1809 -> rule 1810,21008-21016,building-type-count-total farm >= 7; goal:gl-current-build-item; goal:gl-strategy,DIRECT_DONOR_TEXT,(disable-self); (up-modify-goal gl-build-progress c:+ 1),DIRECT_DONOR_TEXT,NONE,NONE,NONE,NONE,NONE,NONE,(building-type-count-total farm >= 7),DIRECT_DONOR_TEXT,21018-21025,goal:gl-build-progress; goal:gl-current-build-item; goal:gl-strategy,DIRECT_DONOR_TEXT,(set-goal gl-current-build-item FARMS2),DIRECT_DONOR_TEXT,NONE,NONE,NONE,NONE,NONE,NONE,NONE,NONE,writes=(disable-self); (up-modify-goal gl-build-progress c:+ 1),MECHANICALLY_DERIVED
OUTGOING,1810,1811,fall-through,,21018,R07,R07,NO,MECHANICALLY_DERIVED_SOURCE_ORDER,MECHANICALLY_DERIVED,MECHANICALLY_CLASSIFIED,rule 1810 -> rule 1811,21018-21025,goal:gl-build-progress; goal:gl-current-build-item; goal:gl-strategy,DIRECT_DONOR_TEXT,(set-goal gl-current-build-item FARMS2),DIRECT_DONOR_TEXT,NONE,NONE,NONE,NONE,NONE,NONE,NONE,NONE,21028-21041,building-type-count-total farm < 2; can-build-with-escrow farm; current-age == dark-age; goal:gl-current-build-item; goal:gl-strategy; up-pending-objects c: farm < 1; wood-amount >= 310,DIRECT_DONOR_TEXT,NONE,NONE,(release-escrow wood); (set-escrow-percentage wood 0),DIRECT_DONOR_TEXT,(build farm),DIRECT_DONOR_TEXT,(up-pending-objects c: farm < 1),DIRECT_DONOR_TEXT,"(building-type-count-total farm < 2); (or	(wood-amount >= 310)
    (building-type-count-total farm < 2))",DIRECT_DONOR_TEXT,writes=(set-goal gl-current-build-item FARMS2),MECHANICALLY_DERIVED
OUTGOING,1811,1812,fall-through,,21028,R07,R07,NO,MECHANICALLY_DERIVED_SOURCE_ORDER,MECHANICALLY_DERIVED,MECHANICALLY_CLASSIFIED,rule 1811 -> rule 1812,21028-21041,building-type-count-total farm < 2; can-build-with-escrow farm; current-age == dark-age; goal:gl-current-build-item; goal:gl-strategy; up-pending-objects c: farm < 1; wood-amount >= 310,DIRECT_DONOR_TEXT,NONE,NONE,(release-escrow wood); (set-escrow-percentage wood 0),DIRECT_DONOR_TEXT,(build farm),DIRECT_DONOR_TEXT,(up-pending-objects c: farm < 1),DIRECT_DONOR_TEXT,"(building-type-count-total farm < 2); (or	(wood-amount >= 310)
    (building-type-count-total farm < 2))",DIRECT_DONOR_TEXT,21043-21050,building-type-count-total farm >= 2; goal:gl-current-build-item; goal:gl-strategy,DIRECT_DONOR_TEXT,(up-modify-goal gl-build-progress c:+ 1),DIRECT_DONOR_TEXT,NONE,NONE,NONE,NONE,NONE,NONE,(building-type-count-total farm >= 2),DIRECT_DONOR_TEXT,escrow=(release-escrow wood); (set-escrow-percentage wood 0) | commands=(build farm),MECHANICALLY_DERIVED
OUTGOING,1812,1813,fall-through,,21043,R07,R07,NO,MECHANICALLY_DERIVED_SOURCE_ORDER,MECHANICALLY_DERIVED,MECHANICALLY_CLASSIFIED,rule 1812 -> rule 1813,21043-21050,building-type-count-total farm >= 2; goal:gl-current-build-item; goal:gl-strategy,DIRECT_DONOR_TEXT,(up-modify-goal gl-build-progress c:+ 1),DIRECT_DONOR_TEXT,NONE,NONE,NONE,NONE,NONE,NONE,(building-type-count-total farm >= 2),DIRECT_DONOR_TEXT,21052-21058,building-type-count-total farm < 2; goal:gl-build-progress; goal:gl-strategy,DIRECT_DONOR_TEXT,(set-goal gl-build-progress FarmsNumber),DIRECT_DONOR_TEXT,NONE,NONE,NONE,NONE,NONE,NONE,(building-type-count-total farm < 2),DIRECT_DONOR_TEXT,writes=(up-modify-goal gl-build-progress c:+ 1),MECHANICALLY_DERIVED
OUTGOING,1813,1814,fall-through,,21052,R07,R07,NO,MECHANICALLY_DERIVED_SOURCE_ORDER,MECHANICALLY_DERIVED,MECHANICALLY_CLASSIFIED,rule 1813 -> rule 1814,21052-21058,building-type-count-total farm < 2; goal:gl-build-progress; goal:gl-strategy,DIRECT_DONOR_TEXT,(set-goal gl-build-progress FarmsNumber),DIRECT_DONOR_TEXT,NONE,NONE,NONE,NONE,NONE,NONE,(building-type-count-total farm < 2),DIRECT_DONOR_TEXT,21060-21068,goal:gl-build-progress; goal:gl-current-build-item; goal:gl-strategy,DIRECT_DONOR_TEXT,(set-goal gl-current-build-item FARMS),DIRECT_DONOR_TEXT,(set-escrow-percentage wood LOW-ESCROW),DIRECT_DONOR_TEXT,NONE,NONE,NONE,NONE,NONE,NONE,writes=(set-goal gl-build-progress FarmsNumber),MECHANICALLY_DERIVED
OUTGOING,1814,1815,fall-through,,21060,R07,R07,NO,MECHANICALLY_DERIVED_SOURCE_ORDER,MECHANICALLY_DERIVED,MECHANICALLY_CLASSIFIED,rule 1814 -> rule 1815,21060-21068,goal:gl-build-progress; goal:gl-current-build-item; goal:gl-strategy,DIRECT_DONOR_TEXT,(set-goal gl-current-build-item FARMS),DIRECT_DONOR_TEXT,(set-escrow-percentage wood LOW-ESCROW),DIRECT_DONOR_TEXT,NONE,NONE,NONE,NONE,NONE,NONE,21071-21076,NONE,NONE,NONE,NONE,NONE,NONE,(up-assign-builders c: house c: 1),DIRECT_DONOR_TEXT,NONE,NONE,NONE,NONE,writes=(set-goal gl-current-build-item FARMS) | escrow=(set-escrow-percentage wood LOW-ESCROW),MECHANICALLY_DERIVED
OUTGOING,1815,1816,fall-through,,21071,R07,R07,NO,MECHANICALLY_DERIVED_SOURCE_ORDER,MECHANICALLY_DERIVED,MECHANICALLY_CLASSIFIED,rule 1815 -> rule 1816,21071-21076,NONE,NONE,NONE,NONE,NONE,NONE,(up-assign-builders c: house c: 1),DIRECT_DONOR_TEXT,NONE,NONE,NONE,NONE,21078-21086,game-time >= 50; goal:gl-fifth-turn; housing-headroom < 2,DIRECT_DONOR_TEXT,NONE,NONE,NONE,NONE,(up-assign-builders c: house c: 3),DIRECT_DONOR_TEXT,NONE,NONE,(housing-headroom < 2),DIRECT_DONOR_TEXT,commands=(up-assign-builders c: house c: 1),MECHANICALLY_DERIVED
OUTGOING,1816,1817,fall-through,,21078,R07,R07,NO,MECHANICALLY_DERIVED_SOURCE_ORDER,MECHANICALLY_DERIVED,MECHANICALLY_CLASSIFIED,rule 1816 -> rule 1817,21078-21086,game-time >= 50; goal:gl-fifth-turn; housing-headroom < 2,DIRECT_DONOR_TEXT,NONE,NONE,NONE,NONE,(up-assign-builders c: house c: 3),DIRECT_DONOR_TEXT,NONE,NONE,(housing-headroom < 2),DIRECT_DONOR_TEXT,21088-21099,building-type-count archery-range >= 2; can-build-with-escrow house; game-time > 6; housing-headroom < 5; population-headroom != 0; up-pending-objects c: house < 1,DIRECT_DONOR_TEXT,NONE,NONE,NONE,NONE,(up-build place-control gl-escrow-state c: house); (up-set-placement-data me -1 c: -5),DIRECT_DONOR_TEXT,(up-pending-objects c: house < 1),DIRECT_DONOR_TEXT,(building-type-count archery-range >= 2); (housing-headroom < 5); (population-headroom != 0),DIRECT_DONOR_TEXT,commands=(up-assign-builders c: house c: 3),MECHANICALLY_DERIVED
OUTGOING,1817,1818,fall-through,,21088,R07,R07,NO,MECHANICALLY_DERIVED_SOURCE_ORDER,MECHANICALLY_DERIVED,MECHANICALLY_CLASSIFIED,rule 1817 -> rule 1818,21088-21099,building-type-count archery-range >= 2; can-build-with-escrow house; game-time > 6; housing-headroom < 5; population-headroom != 0; up-pending-objects c: house < 1,DIRECT_DONOR_TEXT,NONE,NONE,NONE,NONE,(up-build place-control gl-escrow-state c: house); (up-set-placement-data me -1 c: -5),DIRECT_DONOR_TEXT,(up-pending-objects c: house < 1),DIRECT_DONOR_TEXT,(building-type-count archery-range >= 2); (housing-headroom < 5); (population-headroom != 0),DIRECT_DONOR_TEXT,21101-21111,can-build-with-escrow house; game-time > 6; housing-headroom < 2; population-headroom != 0; up-pending-objects c: house < 1,DIRECT_DONOR_TEXT,NONE,NONE,NONE,NONE,(up-build place-control gl-escrow-state c: house); (up-set-placement-data me -1 c: -5),DIRECT_DONOR_TEXT,(up-pending-objects c: house < 1),DIRECT_DONOR_TEXT,(housing-headroom < 2); (population-headroom != 0),DIRECT_DONOR_TEXT,commands=(up-build place-control gl-escrow-state c: house); (up-set-placement-data me -1 c: -5),MECHANICALLY_DERIVED
OUTGOING,1818,1819,fall-through,,21101,R07,R07,NO,MECHANICALLY_DERIVED_SOURCE_ORDER,MECHANICALLY_DERIVED,MECHANICALLY_CLASSIFIED,rule 1818 -> rule 1819,21101-21111,can-build-with-escrow house; game-time > 6; housing-headroom < 2; population-headroom != 0; up-pending-objects c: house < 1,DIRECT_DONOR_TEXT,NONE,NONE,NONE,NONE,(up-build place-control gl-escrow-state c: house); (up-set-placement-data me -1 c: -5),DIRECT_DONOR_TEXT,(up-pending-objects c: house < 1),DIRECT_DONOR_TEXT,(housing-headroom < 2); (population-headroom != 0),DIRECT_DONOR_TEXT,21113-21120,can-build house,DIRECT_DONOR_TEXT,(disable-self),DIRECT_DONOR_TEXT,NONE,NONE,(up-assign-builders c: house c: 2); (up-build place-control 0 c: house); (up-set-placement-data me villager-class c: 0),DIRECT_DONOR_TEXT,NONE,NONE,NONE,NONE,commands=(up-build place-control gl-escrow-state c: house); (up-set-placement-data me -1 c: -5),MECHANICALLY_DERIVED
OUTGOING,1819,1820,fall-through,,21113,R07,R07,NO,MECHANICALLY_DERIVED_SOURCE_ORDER,MECHANICALLY_DERIVED,MECHANICALLY_CLASSIFIED,rule 1819 -> rule 1820,21113-21120,can-build house,DIRECT_DONOR_TEXT,(disable-self),DIRECT_DONOR_TEXT,NONE,NONE,(up-assign-builders c: house c: 2); (up-build place-control 0 c: house); (up-set-placement-data me villager-class c: 0),DIRECT_DONOR_TEXT,NONE,NONE,NONE,NONE,21122-21134,building-type-count-total house > 0; can-build house; civilian-population < 6; game-time < 15,DIRECT_DONOR_TEXT,(disable-self),DIRECT_DONOR_TEXT,NONE,NONE,(up-assign-builders c: house c: 1); (up-build place-control 0 c: house); (up-set-placement-data me villager-class c: 1),DIRECT_DONOR_TEXT,NONE,NONE,(building-type-count-total house > 0); (civilian-population < 6),DIRECT_DONOR_TEXT,writes=(disable-self) | commands=(up-assign-builders c: house c: 2); (up-build place-control 0 c: house); (up-set-placement-data me villager-class c: 0),MECHANICALLY_DERIVED
OUTGOING,1820,1821,fall-through,,21122,R07,R07,NO,MECHANICALLY_DERIVED_SOURCE_ORDER,MECHANICALLY_DERIVED,MECHANICALLY_CLASSIFIED,rule 1820 -> rule 1821,21122-21134,building-type-count-total house > 0; can-build house; civilian-population < 6; game-time < 15,DIRECT_DONOR_TEXT,(disable-self),DIRECT_DONOR_TEXT,NONE,NONE,(up-assign-builders c: house c: 1); (up-build place-control 0 c: house); (up-set-placement-data me villager-class c: 1),DIRECT_DONOR_TEXT,NONE,NONE,(building-type-count-total house > 0); (civilian-population < 6),DIRECT_DONOR_TEXT,21136-21140,NONE,NONE,(set-goal goal 12),DIRECT_DONOR_TEXT,NONE,NONE,NONE,NONE,NONE,NONE,NONE,NONE,writes=(disable-self) | commands=(up-assign-builders c: house c: 1); (up-build place-control 0 c: house); (up-set-placement-data me villager-class c: 1),MECHANICALLY_DERIVED
OUTGOING,1821,1822,fall-through,,21136,R07,R07,NO,MECHANICALLY_DERIVED_SOURCE_ORDER,MECHANICALLY_DERIVED,MECHANICALLY_CLASSIFIED,rule 1821 -> rule 1822,21136-21140,NONE,NONE,(set-goal goal 12),DIRECT_DONOR_TEXT,NONE,NONE,NONE,NONE,NONE,NONE,NONE,NONE,21142-21147,goal:gl-enemy-strategy; goal:gl-town-safe,DIRECT_DONOR_TEXT,(set-goal goal -5),DIRECT_DONOR_TEXT,NONE,NONE,NONE,NONE,NONE,NONE,NONE,NONE,writes=(set-goal goal 12),MECHANICALLY_DERIVED
OUTGOING,1822,1823,fall-through,,21142,R07,R07,NO,MECHANICALLY_DERIVED_SOURCE_ORDER,MECHANICALLY_DERIVED,MECHANICALLY_CLASSIFIED,rule 1822 -> rule 1823,21142-21147,goal:gl-enemy-strategy; goal:gl-town-safe,DIRECT_DONOR_TEXT,(set-goal goal -5),DIRECT_DONOR_TEXT,NONE,NONE,NONE,NONE,NONE,NONE,NONE,NONE,21149-21162,building-type-count house < 5; can-build house; housing-headroom < 4; population-headroom != 0; up-pending-objects c: house < 1,DIRECT_DONOR_TEXT,(set-strategic-number sn-placement-fail-delta 2); (set-strategic-number sn-placement-zone-size 5),DIRECT_DONOR_TEXT,NONE,NONE,(up-assign-builders c: house c: 1); (up-build place-control 0 c: house); (up-set-placement-data me -1 c: 10),DIRECT_DONOR_TEXT,(up-pending-objects c: house < 1),DIRECT_DONOR_TEXT,(building-type-count house < 5); (housing-headroom < 4); (population-headroom != 0),DIRECT_DONOR_TEXT,writes=(set-goal goal -5),MECHANICALLY_DERIVED
OUTGOING,1823,1824,fall-through,,21149,R07,R07,NO,MECHANICALLY_DERIVED_SOURCE_ORDER,MECHANICALLY_DERIVED,MECHANICALLY_CLASSIFIED,rule 1823 -> rule 1824,21149-21162,building-type-count house < 5; can-build house; housing-headroom < 4; population-headroom != 0; up-pending-objects c: house < 1,DIRECT_DONOR_TEXT,(set-strategic-number sn-placement-fail-delta 2); (set-strategic-number sn-placement-zone-size 5),DIRECT_DONOR_TEXT,NONE,NONE,(up-assign-builders c: house c: 1); (up-build place-control 0 c: house); (up-set-placement-data me -1 c: 10),DIRECT_DONOR_TEXT,(up-pending-objects c: house < 1),DIRECT_DONOR_TEXT,(building-type-count house < 5); (housing-headroom < 4); (population-headroom != 0),DIRECT_DONOR_TEXT,21164-21178,building-type-count archery-range < 1; building-type-count house >= 5; can-build house; housing-headroom < 4; population-headroom != 0; up-pending-objects c: house < 1,DIRECT_DONOR_TEXT,(set-strategic-number sn-placement-fail-delta 2); (set-strategic-number sn-placement-zone-size 5),DIRECT_DONOR_TEXT,NONE,NONE,(up-assign-builders c: house c: 1); (up-build place-control 0 c: house); (up-set-placement-data me -1 g: goal),DIRECT_DONOR_TEXT,(up-pending-objects c: house < 1),DIRECT_DONOR_TEXT,(building-type-count archery-range < 1); (building-type-count house >= 5); (housing-headroom < 4); (population-headroom != 0),DIRECT_DONOR_TEXT,writes=(set-strategic-number sn-placement-fail-delta 2); (set-strategic-number sn-placement-zone-size 5) | commands=(up-assign-builders c: house c: 1); (up-build place-control 0 c: house); (up-set-placement-data me -1 c: 10),MECHANICALLY_DERIVED
OUTGOING,1824,1825,fall-through,,21164,R07,R07,NO,MECHANICALLY_DERIVED_SOURCE_ORDER,MECHANICALLY_DERIVED,MECHANICALLY_CLASSIFIED,rule 1824 -> rule 1825,21164-21178,building-type-count archery-range < 1; building-type-count house >= 5; can-build house; housing-headroom < 4; population-headroom != 0; up-pending-objects c: house < 1,DIRECT_DONOR_TEXT,(set-strategic-number sn-placement-fail-delta 2); (set-strategic-number sn-placement-zone-size 5),DIRECT_DONOR_TEXT,NONE,NONE,(up-assign-builders c: house c: 1); (up-build place-control 0 c: house); (up-set-placement-data me -1 g: goal),DIRECT_DONOR_TEXT,(up-pending-objects c: house < 1),DIRECT_DONOR_TEXT,(building-type-count archery-range < 1); (building-type-count house >= 5); (housing-headroom < 4); (population-headroom != 0),DIRECT_DONOR_TEXT,21180-21193,building-type-count-total archery-range >= 2; building-type-count-total stable >= 2; can-build house; goal:gl-strategy; housing-headroom < 10; population-headroom != 0; up-pending-objects c: house < 1,DIRECT_DONOR_TEXT,(set-strategic-number sn-placement-fail-delta 2); (set-strategic-number sn-placement-zone-size 5),DIRECT_DONOR_TEXT,NONE,NONE,(up-build place-control 0 c: house); (up-set-placement-data me -1 g: goal),DIRECT_DONOR_TEXT,(up-pending-objects c: house < 1),DIRECT_DONOR_TEXT,"(and(goal gl-strategy KRUSH)
    (building-type-count-total stable >= 2)); (building-type-count-total archery-range >= 2); (building-type-count-total stable >= 2); (housing-headroom < 10); (or	(and(goal gl-strategy KRUSH)
    (building-type-count-total stable >= 2))
    (building-type-count-total archery-range >= 2)); (population-headroom != 0)",DIRECT_DONOR_TEXT,writes=(set-strategic-number sn-placement-fail-delta 2); (set-strategic-number sn-placement-zone-size 5) | commands=(up-assign-builders c: house c: 1); (up-build place-control 0 c: house); (up-set-placement-data me -1 g: goal),MECHANICALLY_DERIVED
OUTGOING,1825,1826,fall-through,,21180,R07,R07,NO,MECHANICALLY_DERIVED_SOURCE_ORDER,MECHANICALLY_DERIVED,MECHANICALLY_CLASSIFIED,rule 1825 -> rule 1826,21180-21193,building-type-count-total archery-range >= 2; building-type-count-total stable >= 2; can-build house; goal:gl-strategy; housing-headroom < 10; population-headroom != 0; up-pending-objects c: house < 1,DIRECT_DONOR_TEXT,(set-strategic-number sn-placement-fail-delta 2); (set-strategic-number sn-placement-zone-size 5),DIRECT_DONOR_TEXT,NONE,NONE,(up-build place-control 0 c: house); (up-set-placement-data me -1 g: goal),DIRECT_DONOR_TEXT,(up-pending-objects c: house < 1),DIRECT_DONOR_TEXT,"(and(goal gl-strategy KRUSH)
    (building-type-count-total stable >= 2)); (building-type-count-total archery-range >= 2); (building-type-count-total stable >= 2); (housing-headroom < 10); (or	(and(goal gl-strategy KRUSH)
    (building-type-count-total stable >= 2))
    (building-type-count-total archery-range >= 2)); (population-headroom != 0)",DIRECT_DONOR_TEXT,21195-21208,building-type-count siege-workshop >= 1; building-type-count stable >= 1; building-type-count-total stable >= 3; can-build house; goal:gl-strategy; housing-headroom < 15; population-headroom != 0; up-pending-objects c: house < 2,DIRECT_DONOR_TEXT,(set-goal SPLIT 1),DIRECT_DONOR_TEXT,NONE,NONE,NONE,NONE,(up-pending-objects c: house < 2),DIRECT_DONOR_TEXT,"(and(goal gl-strategy FLUSH)
    (building-type-count stable >= 1)); (and(goal gl-strategy KRUSH)
    (building-type-count-total stable >= 3)); (and(goal gl-strategy SIEGE)
    (building-type-count siege-workshop >= 1)); (building-type-count siege-workshop >= 1); (building-type-count stable >= 1); (building-type-count-total stable >= 3); (housing-headroom < 15); (or	(and(goal gl-strategy FLUSH)
    (building-type-count stable >= 1))
    (or	(and(goal gl-strategy KRUSH)
    (building-type-count-total stable >= 3))
    (and(goal gl-strategy SIEGE)
    (building-type-count siege-workshop >= 1)))); (or	(and(goal gl-strategy KRUSH)
    (building-type-count-total stable >= 3))
    (and(goal gl-strategy SIEGE)
    (building-type-count siege-workshop >= 1))); (population-headroom != 0)",DIRECT_DONOR_TEXT,writes=(set-strategic-number sn-placement-fail-delta 2); (set-strategic-number sn-placement-zone-size 5) | commands=(up-build place-control 0 c: house); (up-set-placement-data me -1 g: goal),MECHANICALLY_DERIVED
OUTGOING,1826,1827,fall-through,,21195,R07,R07,NO,MECHANICALLY_DERIVED_SOURCE_ORDER,MECHANICALLY_DERIVED,MECHANICALLY_CLASSIFIED,rule 1826 -> rule 1827,21195-21208,building-type-count siege-workshop >= 1; building-type-count stable >= 1; building-type-count-total stable >= 3; can-build house; goal:gl-strategy; housing-headroom < 15; population-headroom != 0; up-pending-objects c: house < 2,DIRECT_DONOR_TEXT,(set-goal SPLIT 1),DIRECT_DONOR_TEXT,NONE,NONE,NONE,NONE,(up-pending-objects c: house < 2),DIRECT_DONOR_TEXT,"(and(goal gl-strategy FLUSH)
    (building-type-count stable >= 1)); (and(goal gl-strategy KRUSH)
    (building-type-count-total stable >= 3)); (and(goal gl-strategy SIEGE)
    (building-type-count siege-workshop >= 1)); (building-type-count siege-workshop >= 1); (building-type-count stable >= 1); (building-type-count-total stable >= 3); (housing-headroom < 15); (or	(and(goal gl-strategy FLUSH)
    (building-type-count stable >= 1))
    (or	(and(goal gl-strategy KRUSH)
    (building-type-count-total stable >= 3))
    (and(goal gl-strategy SIEGE)
    (building-type-count siege-workshop >= 1)))); (or	(and(goal gl-strategy KRUSH)
    (building-type-count-total stable >= 3))
    (and(goal gl-strategy SIEGE)
    (building-type-count siege-workshop >= 1))); (population-headroom != 0)",DIRECT_DONOR_TEXT,21210-21218,goal:SPLIT,DIRECT_DONOR_TEXT,(set-goal SPLIT 0); (set-strategic-number sn-placement-fail-delta 2); (set-strategic-number sn-placement-zone-size 5),DIRECT_DONOR_TEXT,NONE,NONE,(up-build place-control 0 c: house); (up-set-placement-data me -1 g: goal),DIRECT_DONOR_TEXT,NONE,NONE,NONE,NONE,writes=(set-goal SPLIT 1),MECHANICALLY_DERIVED
OUTGOING,1827,1828,fall-through,,21210,R07,R07,NO,MECHANICALLY_DERIVED_SOURCE_ORDER,MECHANICALLY_DERIVED,MECHANICALLY_CLASSIFIED,rule 1827 -> rule 1828,21210-21218,goal:SPLIT,DIRECT_DONOR_TEXT,(set-goal SPLIT 0); (set-strategic-number sn-placement-fail-delta 2); (set-strategic-number sn-placement-zone-size 5),DIRECT_DONOR_TEXT,NONE,NONE,(up-build place-control 0 c: house); (up-set-placement-data me -1 g: goal),DIRECT_DONOR_TEXT,NONE,NONE,NONE,NONE,21222-21235,can-build-with-escrow lumber-camp; civilian-population >= 15; civilian-population >= 7; goal:gl-current-build-item; goal:gl-fifth-turn; housing-headroom >= 5,DIRECT_DONOR_TEXT,(set-strategic-number sn-allow-adjacent-dropsites 1),DIRECT_DONOR_TEXT,(release-escrow wood); (set-escrow-percentage wood 0),DIRECT_DONOR_TEXT,(build lumber-camp),DIRECT_DONOR_TEXT,NONE,NONE,"(civilian-population >= 15); (civilian-population >= 7); (housing-headroom >= 5); (or	(housing-headroom >= 5)
    (civilian-population >= 15))",DIRECT_DONOR_TEXT,writes=(set-goal SPLIT 0); (set-strategic-number sn-placement-fail-delta 2); (set-strategic-number sn-placement-zone-size 5) | commands=(up-build place-control 0 c: house); (up-set-placement-data me -1 g: goal),MECHANICALLY_DERIVED
OUTGOING,1828,1829,fall-through,,21222,R07,R07,NO,MECHANICALLY_DERIVED_SOURCE_ORDER,MECHANICALLY_DERIVED,MECHANICALLY_CLASSIFIED,rule 1828 -> rule 1829,21222-21235,can-build-with-escrow lumber-camp; civilian-population >= 15; civilian-population >= 7; goal:gl-current-build-item; goal:gl-fifth-turn; housing-headroom >= 5,DIRECT_DONOR_TEXT,(set-strategic-number sn-allow-adjacent-dropsites 1),DIRECT_DONOR_TEXT,(release-escrow wood); (set-escrow-percentage wood 0),DIRECT_DONOR_TEXT,(build lumber-camp),DIRECT_DONOR_TEXT,NONE,NONE,"(civilian-population >= 15); (civilian-population >= 7); (housing-headroom >= 5); (or	(housing-headroom >= 5)
    (civilian-population >= 15))",DIRECT_DONOR_TEXT,21238-21244,building-type-count-total lumber-camp < 1; goal:gl-build-progress; goal:gl-dark-build,DIRECT_DONOR_TEXT,(set-goal gl-build-progress 1),DIRECT_DONOR_TEXT,NONE,NONE,NONE,NONE,NONE,NONE,(building-type-count-total lumber-camp < 1),DIRECT_DONOR_TEXT,writes=(set-strategic-number sn-allow-adjacent-dropsites 1) | escrow=(release-escrow wood); (set-escrow-percentage wood 0) | commands=(build lumber-camp),MECHANICALLY_DERIVED
OUTGOING,1829,1830,fall-through,,21238,R07,R07,NO,MECHANICALLY_DERIVED_SOURCE_ORDER,MECHANICALLY_DERIVED,MECHANICALLY_CLASSIFIED,rule 1829 -> rule 1830,21238-21244,building-type-count-total lumber-camp < 1; goal:gl-build-progress; goal:gl-dark-build,DIRECT_DONOR_TEXT,(set-goal gl-build-progress 1),DIRECT_DONOR_TEXT,NONE,NONE,NONE,NONE,NONE,NONE,(building-type-count-total lumber-camp < 1),DIRECT_DONOR_TEXT,21246-21252,building-type-count-total lumber-camp < 1; goal:gl-build-progress; goal:gl-dark-build,DIRECT_DONOR_TEXT,(set-goal gl-build-progress 2),DIRECT_DONOR_TEXT,NONE,NONE,NONE,NONE,NONE,NONE,(building-type-count-total lumber-camp < 1),DIRECT_DONOR_TEXT,writes=(set-goal gl-build-progress 1),MECHANICALLY_DERIVED
OUTGOING,1830,1831,fall-through,,21246,R07,R07,NO,MECHANICALLY_DERIVED_SOURCE_ORDER,MECHANICALLY_DERIVED,MECHANICALLY_CLASSIFIED,rule 1830 -> rule 1831,21246-21252,building-type-count-total lumber-camp < 1; goal:gl-build-progress; goal:gl-dark-build,DIRECT_DONOR_TEXT,(set-goal gl-build-progress 2),DIRECT_DONOR_TEXT,NONE,NONE,NONE,NONE,NONE,NONE,(building-type-count-total lumber-camp < 1),DIRECT_DONOR_TEXT,21254-21264,goal:gl-build-progress; goal:gl-current-build-item; goal:gl-dark-build,DIRECT_DONOR_TEXT,(set-goal gl-current-build-item LC1),DIRECT_DONOR_TEXT,(set-escrow-percentage wood LOW-ESCROW),DIRECT_DONOR_TEXT,NONE,NONE,NONE,NONE,NONE,NONE,writes=(set-goal gl-build-progress 2),MECHANICALLY_DERIVED
OUTGOING,1831,1832,fall-through,,21254,R07,R07,NO,MECHANICALLY_DERIVED_SOURCE_ORDER,MECHANICALLY_DERIVED,MECHANICALLY_CLASSIFIED,rule 1831 -> rule 1832,21254-21264,goal:gl-build-progress; goal:gl-current-build-item; goal:gl-dark-build,DIRECT_DONOR_TEXT,(set-goal gl-current-build-item LC1),DIRECT_DONOR_TEXT,(set-escrow-percentage wood LOW-ESCROW),DIRECT_DONOR_TEXT,NONE,NONE,NONE,NONE,NONE,NONE,21267-21273,building-type-count-total lumber-camp >= 1; goal:gl-current-build-item,DIRECT_DONOR_TEXT,(up-modify-goal gl-build-progress c:+ 1),DIRECT_DONOR_TEXT,NONE,NONE,NONE,NONE,NONE,NONE,(building-type-count-total lumber-camp >= 1),DIRECT_DONOR_TEXT,writes=(set-goal gl-current-build-item LC1) | escrow=(set-escrow-percentage wood LOW-ESCROW),MECHANICALLY_DERIVED
OUTGOING,1832,1833,fall-through,,21267,R07,R07,NO,MECHANICALLY_DERIVED_SOURCE_ORDER,MECHANICALLY_DERIVED,MECHANICALLY_CLASSIFIED,rule 1832 -> rule 1833,21267-21273,building-type-count-total lumber-camp >= 1; goal:gl-current-build-item,DIRECT_DONOR_TEXT,(up-modify-goal gl-build-progress c:+ 1),DIRECT_DONOR_TEXT,NONE,NONE,NONE,NONE,NONE,NONE,(building-type-count-total lumber-camp >= 1),DIRECT_DONOR_TEXT,21276-21286,building-type-count-total lumber-camp < 1; can-build lumber-camp; current-age >= feudal-age,DIRECT_DONOR_TEXT,(disable-self); (set-goal gl-allow-mill YES),DIRECT_DONOR_TEXT,NONE,NONE,(build lumber-camp),DIRECT_DONOR_TEXT,NONE,NONE,(building-type-count-total lumber-camp < 1),DIRECT_DONOR_TEXT,writes=(up-modify-goal gl-build-progress c:+ 1),MECHANICALLY_DERIVED
OUTGOING,1833,1834,fall-through,,21276,R07,R07,NO,MECHANICALLY_DERIVED_SOURCE_ORDER,MECHANICALLY_DERIVED,MECHANICALLY_CLASSIFIED,rule 1833 -> rule 1834,21276-21286,building-type-count-total lumber-camp < 1; can-build lumber-camp; current-age >= feudal-age,DIRECT_DONOR_TEXT,(disable-self); (set-goal gl-allow-mill YES),DIRECT_DONOR_TEXT,NONE,NONE,(build lumber-camp),DIRECT_DONOR_TEXT,NONE,NONE,(building-type-count-total lumber-camp < 1),DIRECT_DONOR_TEXT,21290-21297,building-type-count-total lumber-camp >= 2; goal:gl-current-build-item; goal:gl-strategy,DIRECT_DONOR_TEXT,(up-modify-goal gl-build-progress c:+ 1),DIRECT_DONOR_TEXT,NONE,NONE,NONE,NONE,NONE,NONE,(building-type-count-total lumber-camp >= 2),DIRECT_DONOR_TEXT,writes=(disable-self); (set-goal gl-allow-mill YES) | commands=(build lumber-camp),MECHANICALLY_DERIVED
OUTGOING,1834,1835,fall-through,,21290,R07,R07,NO,MECHANICALLY_DERIVED_SOURCE_ORDER,MECHANICALLY_DERIVED,MECHANICALLY_CLASSIFIED,rule 1834 -> rule 1835,21290-21297,building-type-count-total lumber-camp >= 2; goal:gl-current-build-item; goal:gl-strategy,DIRECT_DONOR_TEXT,(up-modify-goal gl-build-progress c:+ 1),DIRECT_DONOR_TEXT,NONE,NONE,NONE,NONE,NONE,NONE,(building-type-count-total lumber-camp >= 2),DIRECT_DONOR_TEXT,21299-21314,building-type-count-total lumber-camp < 2; can-build-with-escrow lumber-camp; game-time >= 480; goal:gl-current-build-item; goal:gl-strategy; housing-headroom >= 5; wood-amount >= 110,DIRECT_DONOR_TEXT,(set-strategic-number sn-allow-adjacent-dropsites 1); (set-strategic-number sn-dropsite-separation-distance 3),DIRECT_DONOR_TEXT,(release-escrow wood); (set-escrow-percentage wood 0),DIRECT_DONOR_TEXT,(build lumber-camp),DIRECT_DONOR_TEXT,NONE,NONE,"(building-type-count-total lumber-camp < 2); (housing-headroom >= 5); (or	(game-time >= 480)
    (or	(wood-amount >= 110)
    (housing-headroom >= 5))); (or	(wood-amount >= 110)
    (housing-headroom >= 5))",DIRECT_DONOR_TEXT,writes=(up-modify-goal gl-build-progress c:+ 1),MECHANICALLY_DERIVED
OUTGOING,1835,1836,fall-through,,21299,R07,R07,NO,MECHANICALLY_DERIVED_SOURCE_ORDER,MECHANICALLY_DERIVED,MECHANICALLY_CLASSIFIED,rule 1835 -> rule 1836,21299-21314,building-type-count-total lumber-camp < 2; can-build-with-escrow lumber-camp; game-time >= 480; goal:gl-current-build-item; goal:gl-strategy; housing-headroom >= 5; wood-amount >= 110,DIRECT_DONOR_TEXT,(set-strategic-number sn-allow-adjacent-dropsites 1); (set-strategic-number sn-dropsite-separation-distance 3),DIRECT_DONOR_TEXT,(release-escrow wood); (set-escrow-percentage wood 0),DIRECT_DONOR_TEXT,(build lumber-camp),DIRECT_DONOR_TEXT,NONE,NONE,"(building-type-count-total lumber-camp < 2); (housing-headroom >= 5); (or	(game-time >= 480)
    (or	(wood-amount >= 110)
    (housing-headroom >= 5))); (or	(wood-amount >= 110)
    (housing-headroom >= 5))",DIRECT_DONOR_TEXT,21316-21322,building-type-count-total lumber-camp < 2; goal:gl-build-progress; goal:gl-strategy,DIRECT_DONOR_TEXT,(set-goal gl-build-progress LC2Number),DIRECT_DONOR_TEXT,NONE,NONE,NONE,NONE,NONE,NONE,(building-type-count-total lumber-camp < 2),DIRECT_DONOR_TEXT,writes=(set-strategic-number sn-allow-adjacent-dropsites 1); (set-strategic-number sn-dropsite-separation-distance 3) | escrow=(release-escrow wood); (set-escrow-percentage wood 0) | commands=(build lumber-camp),MECHANICALLY_DERIVED
OUTGOING,1836,1837,fall-through,,21316,R07,R07,NO,MECHANICALLY_DERIVED_SOURCE_ORDER,MECHANICALLY_DERIVED,MECHANICALLY_CLASSIFIED,rule 1836 -> rule 1837,21316-21322,building-type-count-total lumber-camp < 2; goal:gl-build-progress; goal:gl-strategy,DIRECT_DONOR_TEXT,(set-goal gl-build-progress LC2Number),DIRECT_DONOR_TEXT,NONE,NONE,NONE,NONE,NONE,NONE,(building-type-count-total lumber-camp < 2),DIRECT_DONOR_TEXT,21324-21332,goal:gl-build-progress; goal:gl-current-build-item; goal:gl-strategy,DIRECT_DONOR_TEXT,(set-goal gl-current-build-item LC2),DIRECT_DONOR_TEXT,(set-escrow-percentage wood LOW-ESCROW),DIRECT_DONOR_TEXT,NONE,NONE,NONE,NONE,NONE,NONE,writes=(set-goal gl-build-progress LC2Number),MECHANICALLY_DERIVED
OUTGOING,1837,1838,fall-through,,21324,R07,R07,NO,MECHANICALLY_DERIVED_SOURCE_ORDER,MECHANICALLY_DERIVED,MECHANICALLY_CLASSIFIED,rule 1837 -> rule 1838,21324-21332,goal:gl-build-progress; goal:gl-current-build-item; goal:gl-strategy,DIRECT_DONOR_TEXT,(set-goal gl-current-build-item LC2),DIRECT_DONOR_TEXT,(set-escrow-percentage wood LOW-ESCROW),DIRECT_DONOR_TEXT,NONE,NONE,NONE,NONE,NONE,NONE,21335-21342,building-type-count-total lumber-camp >= 2; goal:gl-current-build-item; goal:gl-strategy,DIRECT_DONOR_TEXT,(up-modify-goal gl-build-progress c:+ 1),DIRECT_DONOR_TEXT,NONE,NONE,NONE,NONE,NONE,NONE,(building-type-count-total lumber-camp >= 2),DIRECT_DONOR_TEXT,writes=(set-goal gl-current-build-item LC2) | escrow=(set-escrow-percentage wood LOW-ESCROW),MECHANICALLY_DERIVED
OUTGOING,1838,1839,fall-through,,21335,R07,R07,NO,MECHANICALLY_DERIVED_SOURCE_ORDER,MECHANICALLY_DERIVED,MECHANICALLY_CLASSIFIED,rule 1838 -> rule 1839,21335-21342,building-type-count-total lumber-camp >= 2; goal:gl-current-build-item; goal:gl-strategy,DIRECT_DONOR_TEXT,(up-modify-goal gl-build-progress c:+ 1),DIRECT_DONOR_TEXT,NONE,NONE,NONE,NONE,NONE,NONE,(building-type-count-total lumber-camp >= 2),DIRECT_DONOR_TEXT,21344-21359,building-type-count-total lumber-camp < 2; can-build-with-escrow lumber-camp; game-time >= 480; goal:gl-current-build-item; goal:gl-strategy; housing-headroom >= 5; wood-amount >= 110,DIRECT_DONOR_TEXT,(set-strategic-number sn-allow-adjacent-dropsites 1); (set-strategic-number sn-dropsite-separation-distance 3),DIRECT_DONOR_TEXT,(release-escrow wood); (set-escrow-percentage wood 0),DIRECT_DONOR_TEXT,(build lumber-camp),DIRECT_DONOR_TEXT,NONE,NONE,"(building-type-count-total lumber-camp < 2); (housing-headroom >= 5); (or	(game-time >= 480)
    (or	(wood-amount >= 110)
    (housing-headroom >= 5))); (or	(wood-amount >= 110)
    (housing-headroom >= 5))",DIRECT_DONOR_TEXT,writes=(up-modify-goal gl-build-progress c:+ 1),MECHANICALLY_DERIVED
OUTGOING,1839,1840,fall-through,,21344,R07,R07,NO,MECHANICALLY_DERIVED_SOURCE_ORDER,MECHANICALLY_DERIVED,MECHANICALLY_CLASSIFIED,rule 1839 -> rule 1840,21344-21359,building-type-count-total lumber-camp < 2; can-build-with-escrow lumber-camp; game-time >= 480; goal:gl-current-build-item; goal:gl-strategy; housing-headroom >= 5; wood-amount >= 110,DIRECT_DONOR_TEXT,(set-strategic-number sn-allow-adjacent-dropsites 1); (set-strategic-number sn-dropsite-separation-distance 3),DIRECT_DONOR_TEXT,(release-escrow wood); (set-escrow-percentage wood 0),DIRECT_DONOR_TEXT,(build lumber-camp),DIRECT_DONOR_TEXT,NONE,NONE,"(building-type-count-total lumber-camp < 2); (housing-headroom >= 5); (or	(game-time >= 480)
    (or	(wood-amount >= 110)
    (housing-headroom >= 5))); (or	(wood-amount >= 110)
    (housing-headroom >= 5))",DIRECT_DONOR_TEXT,21361-21367,building-type-count-total lumber-camp < 2; goal:gl-build-progress; goal:gl-strategy,DIRECT_DONOR_TEXT,(set-goal gl-build-progress KrushLC2Number),DIRECT_DONOR_TEXT,NONE,NONE,NONE,NONE,NONE,NONE,(building-type-count-total lumber-camp < 2),DIRECT_DONOR_TEXT,writes=(set-strategic-number sn-allow-adjacent-dropsites 1); (set-strategic-number sn-dropsite-separation-distance 3) | escrow=(release-escrow wood); (set-escrow-percentage wood 0) | commands=(build lumber-camp),MECHANICALLY_DERIVED
OUTGOING,1840,1841,fall-through,,21361,R07,R07,NO,MECHANICALLY_DERIVED_SOURCE_ORDER,MECHANICALLY_DERIVED,MECHANICALLY_CLASSIFIED,rule 1840 -> rule 1841,21361-21367,building-type-count-total lumber-camp < 2; goal:gl-build-progress; goal:gl-strategy,DIRECT_DONOR_TEXT,(set-goal gl-build-progress KrushLC2Number),DIRECT_DONOR_TEXT,NONE,NONE,NONE,NONE,NONE,NONE,(building-type-count-total lumber-camp < 2),DIRECT_DONOR_TEXT,21369-21376,goal:gl-build-progress; goal:gl-current-build-item; goal:gl-strategy,DIRECT_DONOR_TEXT,(set-goal gl-current-build-item LC2),DIRECT_DONOR_TEXT,NONE,NONE,NONE,NONE,NONE,NONE,NONE,NONE,writes=(set-goal gl-build-progress KrushLC2Number),MECHANICALLY_DERIVED
OUTGOING,1841,1842,fall-through,,21369,R07,R07,NO,MECHANICALLY_DERIVED_SOURCE_ORDER,MECHANICALLY_DERIVED,MECHANICALLY_CLASSIFIED,rule 1841 -> rule 1842,21369-21376,goal:gl-build-progress; goal:gl-current-build-item; goal:gl-strategy,DIRECT_DONOR_TEXT,(set-goal gl-current-build-item LC2),DIRECT_DONOR_TEXT,NONE,NONE,NONE,NONE,NONE,NONE,NONE,NONE,21380-21392,can-build-with-escrow lumber-camp; goal:gl-current-build-item; goal:gl-progression-pause; goal:gl-strategy,DIRECT_DONOR_TEXT,(set-strategic-number sn-allow-adjacent-dropsites 1); (set-strategic-number sn-dropsite-separation-distance 3),DIRECT_DONOR_TEXT,(release-escrow wood); (set-escrow-percentage wood 0),DIRECT_DONOR_TEXT,(build lumber-camp),DIRECT_DONOR_TEXT,NONE,NONE,NONE,NONE,writes=(set-goal gl-current-build-item LC2),MECHANICALLY_DERIVED
OUTGOING,1842,1843,fall-through,,21380,R07,R07,NO,MECHANICALLY_DERIVED_SOURCE_ORDER,MECHANICALLY_DERIVED,MECHANICALLY_CLASSIFIED,rule 1842 -> rule 1843,21380-21392,can-build-with-escrow lumber-camp; goal:gl-current-build-item; goal:gl-progression-pause; goal:gl-strategy,DIRECT_DONOR_TEXT,(set-strategic-number sn-allow-adjacent-dropsites 1); (set-strategic-number sn-dropsite-separation-distance 3),DIRECT_DONOR_TEXT,(release-escrow wood); (set-escrow-percentage wood 0),DIRECT_DONOR_TEXT,(build lumber-camp),DIRECT_DONOR_TEXT,NONE,NONE,NONE,NONE,21394-21400,building-type-count-total lumber-camp < 3; goal:gl-build-progress; goal:gl-strategy,DIRECT_DONOR_TEXT,(set-goal gl-build-progress LC3Number),DIRECT_DONOR_TEXT,NONE,NONE,NONE,NONE,NONE,NONE,(building-type-count-total lumber-camp < 3),DIRECT_DONOR_TEXT,writes=(set-strategic-number sn-allow-adjacent-dropsites 1); (set-strategic-number sn-dropsite-separation-distance 3) | escrow=(release-escrow wood); (set-escrow-percentage wood 0) | commands=(build lumber-camp),MECHANICALLY_DERIVED
OUTGOING,1843,1844,fall-through,,21394,R07,R07,NO,MECHANICALLY_DERIVED_SOURCE_ORDER,MECHANICALLY_DERIVED,MECHANICALLY_CLASSIFIED,rule 1843 -> rule 1844,21394-21400,building-type-count-total lumber-camp < 3; goal:gl-build-progress; goal:gl-strategy,DIRECT_DONOR_TEXT,(set-goal gl-build-progress LC3Number),DIRECT_DONOR_TEXT,NONE,NONE,NONE,NONE,NONE,NONE,(building-type-count-total lumber-camp < 3),DIRECT_DONOR_TEXT,21402-21410,goal:gl-build-progress; goal:gl-current-build-item; goal:gl-strategy,DIRECT_DONOR_TEXT,(set-goal gl-current-build-item LC3),DIRECT_DONOR_TEXT,(set-escrow-percentage wood LOW-ESCROW),DIRECT_DONOR_TEXT,NONE,NONE,NONE,NONE,NONE,NONE,writes=(set-goal gl-build-progress LC3Number),MECHANICALLY_DERIVED
OUTGOING,1844,1845,fall-through,,21402,R07,R07,NO,MECHANICALLY_DERIVED_SOURCE_ORDER,MECHANICALLY_DERIVED,MECHANICALLY_CLASSIFIED,rule 1844 -> rule 1845,21402-21410,goal:gl-build-progress; goal:gl-current-build-item; goal:gl-strategy,DIRECT_DONOR_TEXT,(set-goal gl-current-build-item LC3),DIRECT_DONOR_TEXT,(set-escrow-percentage wood LOW-ESCROW),DIRECT_DONOR_TEXT,NONE,NONE,NONE,NONE,NONE,NONE,21412-21419,building-type-count-total lumber-camp >= 3; goal:gl-current-build-item; goal:gl-strategy,DIRECT_DONOR_TEXT,(up-modify-goal gl-build-progress c:+ 1),DIRECT_DONOR_TEXT,NONE,NONE,NONE,NONE,NONE,NONE,(building-type-count-total lumber-camp >= 3),DIRECT_DONOR_TEXT,writes=(set-goal gl-current-build-item LC3) | escrow=(set-escrow-percentage wood LOW-ESCROW),MECHANICALLY_DERIVED
OUTGOING,1845,1846,fall-through,,21412,R07,R07,NO,MECHANICALLY_DERIVED_SOURCE_ORDER,MECHANICALLY_DERIVED,MECHANICALLY_CLASSIFIED,rule 1845 -> rule 1846,21412-21419,building-type-count-total lumber-camp >= 3; goal:gl-current-build-item; goal:gl-strategy,DIRECT_DONOR_TEXT,(up-modify-goal gl-build-progress c:+ 1),DIRECT_DONOR_TEXT,NONE,NONE,NONE,NONE,NONE,NONE,(building-type-count-total lumber-camp >= 3),DIRECT_DONOR_TEXT,21422-21434,can-build-with-escrow lumber-camp; goal:gl-current-build-item; goal:gl-progression-pause; goal:gl-strategy,DIRECT_DONOR_TEXT,(set-strategic-number sn-allow-adjacent-dropsites 1); (set-strategic-number sn-dropsite-separation-distance 3),DIRECT_DONOR_TEXT,(release-escrow wood); (set-escrow-percentage wood 0),DIRECT_DONOR_TEXT,(build lumber-camp),DIRECT_DONOR_TEXT,NONE,NONE,NONE,NONE,writes=(up-modify-goal gl-build-progress c:+ 1),MECHANICALLY_DERIVED
OUTGOING,1846,1847,fall-through,,21422,R07,R07,NO,MECHANICALLY_DERIVED_SOURCE_ORDER,MECHANICALLY_DERIVED,MECHANICALLY_CLASSIFIED,rule 1846 -> rule 1847,21422-21434,can-build-with-escrow lumber-camp; goal:gl-current-build-item; goal:gl-progression-pause; goal:gl-strategy,DIRECT_DONOR_TEXT,(set-strategic-number sn-allow-adjacent-dropsites 1); (set-strategic-number sn-dropsite-separation-distance 3),DIRECT_DONOR_TEXT,(release-escrow wood); (set-escrow-percentage wood 0),DIRECT_DONOR_TEXT,(build lumber-camp),DIRECT_DONOR_TEXT,NONE,NONE,NONE,NONE,21436-21442,building-type-count-total lumber-camp < 3; goal:gl-build-progress; goal:gl-strategy,DIRECT_DONOR_TEXT,(set-goal gl-build-progress KrushLC3Number),DIRECT_DONOR_TEXT,NONE,NONE,NONE,NONE,NONE,NONE,(building-type-count-total lumber-camp < 3),DIRECT_DONOR_TEXT,writes=(set-strategic-number sn-allow-adjacent-dropsites 1); (set-strategic-number sn-dropsite-separation-distance 3) | escrow=(release-escrow wood); (set-escrow-percentage wood 0) | commands=(build lumber-camp),MECHANICALLY_DERIVED
OUTGOING,1847,1848,fall-through,,21436,R07,R07,NO,MECHANICALLY_DERIVED_SOURCE_ORDER,MECHANICALLY_DERIVED,MECHANICALLY_CLASSIFIED,rule 1847 -> rule 1848,21436-21442,building-type-count-total lumber-camp < 3; goal:gl-build-progress; goal:gl-strategy,DIRECT_DONOR_TEXT,(set-goal gl-build-progress KrushLC3Number),DIRECT_DONOR_TEXT,NONE,NONE,NONE,NONE,NONE,NONE,(building-type-count-total lumber-camp < 3),DIRECT_DONOR_TEXT,21444-21452,goal:gl-build-progress; goal:gl-current-build-item; goal:gl-strategy,DIRECT_DONOR_TEXT,(set-goal gl-current-build-item LC3),DIRECT_DONOR_TEXT,(set-escrow-percentage wood LOW-ESCROW),DIRECT_DONOR_TEXT,NONE,NONE,NONE,NONE,NONE,NONE,writes=(set-goal gl-build-progress KrushLC3Number),MECHANICALLY_DERIVED
OUTGOING,1848,1849,fall-through,,21444,R07,R07,NO,MECHANICALLY_DERIVED_SOURCE_ORDER,MECHANICALLY_DERIVED,MECHANICALLY_CLASSIFIED,rule 1848 -> rule 1849,21444-21452,goal:gl-build-progress; goal:gl-current-build-item; goal:gl-strategy,DIRECT_DONOR_TEXT,(set-goal gl-current-build-item LC3),DIRECT_DONOR_TEXT,(set-escrow-percentage wood LOW-ESCROW),DIRECT_DONOR_TEXT,NONE,NONE,NONE,NONE,NONE,NONE,21454-21461,building-type-count-total lumber-camp >= 3; goal:gl-current-build-item; goal:gl-strategy,DIRECT_DONOR_TEXT,(up-modify-goal gl-build-progress c:+ 1),DIRECT_DONOR_TEXT,NONE,NONE,NONE,NONE,NONE,NONE,(building-type-count-total lumber-camp >= 3),DIRECT_DONOR_TEXT,writes=(set-goal gl-current-build-item LC3) | escrow=(set-escrow-percentage wood LOW-ESCROW),MECHANICALLY_DERIVED
OUTGOING,1849,1850,fall-through,,21454,R07,R07,NO,MECHANICALLY_DERIVED_SOURCE_ORDER,MECHANICALLY_DERIVED,MECHANICALLY_CLASSIFIED,rule 1849 -> rule 1850,21454-21461,building-type-count-total lumber-camp >= 3; goal:gl-current-build-item; goal:gl-strategy,DIRECT_DONOR_TEXT,(up-modify-goal gl-build-progress c:+ 1),DIRECT_DONOR_TEXT,NONE,NONE,NONE,NONE,NONE,NONE,(building-type-count-total lumber-camp >= 3),DIRECT_DONOR_TEXT,21464-21468,NONE,NONE,NONE,NONE,NONE,NONE,NONE,NONE,NONE,NONE,NONE,NONE,writes=(up-modify-goal gl-build-progress c:+ 1),MECHANICALLY_DERIVED
OUTGOING,1850,1851,fall-through,,21464,R07,R07,NO,MECHANICALLY_DERIVED_SOURCE_ORDER,MECHANICALLY_DERIVED,MECHANICALLY_CLASSIFIED,rule 1850 -> rule 1851,21464-21468,NONE,NONE,NONE,NONE,NONE,NONE,NONE,NONE,NONE,NONE,NONE,NONE,21470-21479,can-build-with-escrow lumber-camp; goal:gl-current-build-item; goal:gl-progression-pause,DIRECT_DONOR_TEXT,NONE,NONE,(release-escrow wood); (set-escrow-percentage wood 0),DIRECT_DONOR_TEXT,(build lumber-camp),DIRECT_DONOR_TEXT,NONE,NONE,NONE,NONE,NONE,NONE
OUTGOING,1850,1854,up-jump,4,21464,R07,R07,NO,DIRECT_DONOR_TEXT,MECHANICALLY_DERIVED,MECHANICALLY_CLASSIFIED,(up-jump-rule 4),21464-21468,NONE,NONE,NONE,NONE,NONE,NONE,NONE,NONE,NONE,NONE,NONE,NONE,21499-21505,building-type-count-total lumber-camp >= 4; goal:gl-current-build-item,DIRECT_DONOR_TEXT,(up-modify-goal gl-build-progress c:+ 1),DIRECT_DONOR_TEXT,NONE,NONE,NONE,NONE,NONE,NONE,(building-type-count-total lumber-camp >= 4),DIRECT_DONOR_TEXT,NONE,NONE
OUTGOING,1851,1852,fall-through,,21470,R07,R07,NO,MECHANICALLY_DERIVED_SOURCE_ORDER,MECHANICALLY_DERIVED,MECHANICALLY_CLASSIFIED,rule 1851 -> rule 1852,21470-21479,can-build-with-escrow lumber-camp; goal:gl-current-build-item; goal:gl-progression-pause,DIRECT_DONOR_TEXT,NONE,NONE,(release-escrow wood); (set-escrow-percentage wood 0),DIRECT_DONOR_TEXT,(build lumber-camp),DIRECT_DONOR_TEXT,NONE,NONE,NONE,NONE,21481-21487,building-type-count-total lumber-camp < 4; goal:gl-build-progress; goal:gl-strategy,DIRECT_DONOR_TEXT,(set-goal gl-build-progress LC4Number),DIRECT_DONOR_TEXT,NONE,NONE,NONE,NONE,NONE,NONE,(building-type-count-total lumber-camp < 4),DIRECT_DONOR_TEXT,escrow=(release-escrow wood); (set-escrow-percentage wood 0) | commands=(build lumber-camp),MECHANICALLY_DERIVED
OUTGOING,1852,1853,fall-through,,21481,R07,R07,NO,MECHANICALLY_DERIVED_SOURCE_ORDER,MECHANICALLY_DERIVED,MECHANICALLY_CLASSIFIED,rule 1852 -> rule 1853,21481-21487,building-type-count-total lumber-camp < 4; goal:gl-build-progress; goal:gl-strategy,DIRECT_DONOR_TEXT,(set-goal gl-build-progress LC4Number),DIRECT_DONOR_TEXT,NONE,NONE,NONE,NONE,NONE,NONE,(building-type-count-total lumber-camp < 4),DIRECT_DONOR_TEXT,21489-21497,goal:gl-build-progress; goal:gl-current-build-item; goal:gl-strategy,DIRECT_DONOR_TEXT,(set-goal gl-current-build-item LC4),DIRECT_DONOR_TEXT,(set-escrow-percentage wood LOW-ESCROW),DIRECT_DONOR_TEXT,NONE,NONE,NONE,NONE,NONE,NONE,writes=(set-goal gl-build-progress LC4Number),MECHANICALLY_DERIVED
OUTGOING,1853,1854,fall-through,,21489,R07,R07,NO,MECHANICALLY_DERIVED_SOURCE_ORDER,MECHANICALLY_DERIVED,MECHANICALLY_CLASSIFIED,rule 1853 -> rule 1854,21489-21497,goal:gl-build-progress; goal:gl-current-build-item; goal:gl-strategy,DIRECT_DONOR_TEXT,(set-goal gl-current-build-item LC4),DIRECT_DONOR_TEXT,(set-escrow-percentage wood LOW-ESCROW),DIRECT_DONOR_TEXT,NONE,NONE,NONE,NONE,NONE,NONE,21499-21505,building-type-count-total lumber-camp >= 4; goal:gl-current-build-item,DIRECT_DONOR_TEXT,(up-modify-goal gl-build-progress c:+ 1),DIRECT_DONOR_TEXT,NONE,NONE,NONE,NONE,NONE,NONE,(building-type-count-total lumber-camp >= 4),DIRECT_DONOR_TEXT,writes=(set-goal gl-current-build-item LC4) | escrow=(set-escrow-percentage wood LOW-ESCROW),MECHANICALLY_DERIVED
OUTGOING,1854,1855,fall-through,,21499,R07,R07,NO,MECHANICALLY_DERIVED_SOURCE_ORDER,MECHANICALLY_DERIVED,MECHANICALLY_CLASSIFIED,rule 1854 -> rule 1855,21499-21505,building-type-count-total lumber-camp >= 4; goal:gl-current-build-item,DIRECT_DONOR_TEXT,(up-modify-goal gl-build-progress c:+ 1),DIRECT_DONOR_TEXT,NONE,NONE,NONE,NONE,NONE,NONE,(building-type-count-total lumber-camp >= 4),DIRECT_DONOR_TEXT,21509-21522,can-build gl-escrow-state c: lumber-camp; game-time >= 1260; game-time >= 1570; goal:gl-escrow-state; goal:gl-strategy,DIRECT_DONOR_TEXT,(set-strategic-number sn-allow-adjacent-dropsites 1); (set-strategic-number sn-dropsite-separation-distance 3),DIRECT_DONOR_TEXT,NONE,NONE,(up-build place-normal gl-escrow-state c: lumber-camp),DIRECT_DONOR_TEXT,NONE,NONE,NONE,NONE,writes=(up-modify-goal gl-build-progress c:+ 1),MECHANICALLY_DERIVED
OUTGOING,1855,1856,fall-through,,21509,R07,R07,NO,MECHANICALLY_DERIVED_SOURCE_ORDER,MECHANICALLY_DERIVED,MECHANICALLY_CLASSIFIED,rule 1855 -> rule 1856,21509-21522,can-build gl-escrow-state c: lumber-camp; game-time >= 1260; game-time >= 1570; goal:gl-escrow-state; goal:gl-strategy,DIRECT_DONOR_TEXT,(set-strategic-number sn-allow-adjacent-dropsites 1); (set-strategic-number sn-dropsite-separation-distance 3),DIRECT_DONOR_TEXT,NONE,NONE,(up-build place-normal gl-escrow-state c: lumber-camp),DIRECT_DONOR_TEXT,NONE,NONE,NONE,NONE,21527-21536,goal:gl-build-progress,DIRECT_DONOR_TEXT,NONE,NONE,NONE,NONE,NONE,NONE,NONE,NONE,NONE,NONE,writes=(set-strategic-number sn-allow-adjacent-dropsites 1); (set-strategic-number sn-dropsite-separation-distance 3) | commands=(up-build place-normal gl-escrow-state c: lumber-camp),MECHANICALLY_DERIVED
OUTGOING,1856,1857,fall-through,,21527,R07,R07,NO,MECHANICALLY_DERIVED_SOURCE_ORDER,MECHANICALLY_DERIVED,MECHANICALLY_CLASSIFIED,rule 1856 -> rule 1857,21527-21536,goal:gl-build-progress,DIRECT_DONOR_TEXT,NONE,NONE,NONE,NONE,NONE,NONE,NONE,NONE,NONE,NONE,21538-21550,goal:gl-current-build-item,DIRECT_DONOR_TEXT,NONE,NONE,NONE,NONE,NONE,NONE,NONE,NONE,NONE,NONE,NONE,NONE
OUTGOING,1857,1858,fall-through,,21538,R07,R07,NO,MECHANICALLY_DERIVED_SOURCE_ORDER,MECHANICALLY_DERIVED,MECHANICALLY_CLASSIFIED,rule 1857 -> rule 1858,21538-21550,goal:gl-current-build-item,DIRECT_DONOR_TEXT,NONE,NONE,NONE,NONE,NONE,NONE,NONE,NONE,NONE,NONE,21553-21563,goal:gl-current-build-item; wood-amount < 50,DIRECT_DONOR_TEXT,NONE,NONE,NONE,NONE,NONE,NONE,NONE,NONE,NONE,NONE,NONE,NONE
OUTGOING,1858,1859,fall-through,,21553,R07,R07,NO,MECHANICALLY_DERIVED_SOURCE_ORDER,MECHANICALLY_DERIVED,MECHANICALLY_CLASSIFIED,rule 1858 -> rule 1859,21553-21563,goal:gl-current-build-item; wood-amount < 50,DIRECT_DONOR_TEXT,NONE,NONE,NONE,NONE,NONE,NONE,NONE,NONE,NONE,NONE,21567-21575,up-research-status c: castle-age >= research-pending,DIRECT_DONOR_TEXT,NONE,NONE,NONE,NONE,NONE,NONE,NONE,NONE,NONE,NONE,NONE,NONE
OUTGOING,1859,1860,fall-through,,21567,R07,R07,NO,MECHANICALLY_DERIVED_SOURCE_ORDER,MECHANICALLY_DERIVED,MECHANICALLY_CLASSIFIED,rule 1859 -> rule 1860,21567-21575,up-research-status c: castle-age >= research-pending,DIRECT_DONOR_TEXT,NONE,NONE,NONE,NONE,NONE,NONE,NONE,NONE,NONE,NONE,21577-21587,goal:gl-current-build-item,DIRECT_DONOR_TEXT,NONE,NONE,NONE,NONE,NONE,NONE,NONE,NONE,NONE,NONE,NONE,NONE
OUTGOING,1860,1861,fall-through,,21577,R07,R07,NO,MECHANICALLY_DERIVED_SOURCE_ORDER,MECHANICALLY_DERIVED,MECHANICALLY_CLASSIFIED,rule 1860 -> rule 1861,21577-21587,goal:gl-current-build-item,DIRECT_DONOR_TEXT,NONE,NONE,NONE,NONE,NONE,NONE,NONE,NONE,NONE,NONE,21590-21598,goal:gl-build-progress; goal:gl-strategy; wood-amount >= 270,DIRECT_DONOR_TEXT,NONE,NONE,NONE,NONE,NONE,NONE,NONE,NONE,NONE,NONE,NONE,NONE
OUTGOING,1861,1862,fall-through,,21590,R07,R07,NO,MECHANICALLY_DERIVED_SOURCE_ORDER,MECHANICALLY_DERIVED,MECHANICALLY_CLASSIFIED,rule 1861 -> rule 1862,21590-21598,goal:gl-build-progress; goal:gl-strategy; wood-amount >= 270,DIRECT_DONOR_TEXT,NONE,NONE,NONE,NONE,NONE,NONE,NONE,NONE,NONE,NONE,21600-21607,goal:gl-current-build-item; wood-amount >= 260,DIRECT_DONOR_TEXT,NONE,NONE,NONE,NONE,NONE,NONE,NONE,NONE,NONE,NONE,NONE,NONE
OUTGOING,1862,1863,fall-through,,21600,R07,R07,NO,MECHANICALLY_DERIVED_SOURCE_ORDER,MECHANICALLY_DERIVED,MECHANICALLY_CLASSIFIED,rule 1862 -> rule 1863,21600-21607,goal:gl-current-build-item; wood-amount >= 260,DIRECT_DONOR_TEXT,NONE,NONE,NONE,NONE,NONE,NONE,NONE,NONE,NONE,NONE,21609-21621,goal:gl-build-progress; goal:gl-current-build-item; wood-amount >= 190; wood-amount >= 260; wood-amount >= 270,DIRECT_DONOR_TEXT,NONE,NONE,NONE,NONE,NONE,NONE,NONE,NONE,NONE,NONE,NONE,NONE
OUTGOING,1863,1864,fall-through,,21609,R07,R07,NO,MECHANICALLY_DERIVED_SOURCE_ORDER,MECHANICALLY_DERIVED,MECHANICALLY_CLASSIFIED,rule 1863 -> rule 1864,21609-21621,goal:gl-build-progress; goal:gl-current-build-item; wood-amount >= 190; wood-amount >= 260; wood-amount >= 270,DIRECT_DONOR_TEXT,NONE,NONE,NONE,NONE,NONE,NONE,NONE,NONE,NONE,NONE,21623-21632,goal:gl-current-build-item; wood-amount >= 150,DIRECT_DONOR_TEXT,NONE,NONE,NONE,NONE,NONE,NONE,NONE,NONE,NONE,NONE,NONE,NONE
OUTGOING,1864,1865,fall-through,,21623,R07,R07,NO,MECHANICALLY_DERIVED_SOURCE_ORDER,MECHANICALLY_DERIVED,MECHANICALLY_CLASSIFIED,rule 1864 -> rule 1865,21623-21632,goal:gl-current-build-item; wood-amount >= 150,DIRECT_DONOR_TEXT,NONE,NONE,NONE,NONE,NONE,NONE,NONE,NONE,NONE,NONE,21635-21647,wood-amount < 100,DIRECT_DONOR_TEXT,NONE,NONE,NONE,NONE,NONE,NONE,NONE,NONE,NONE,NONE,NONE,NONE
OUTGOING,1865,1866,fall-through,,21635,R07,R07,NO,MECHANICALLY_DERIVED_SOURCE_ORDER,MECHANICALLY_DERIVED,MECHANICALLY_CLASSIFIED,rule 1865 -> rule 1866,21635-21647,wood-amount < 100,DIRECT_DONOR_TEXT,NONE,NONE,NONE,NONE,NONE,NONE,NONE,NONE,NONE,NONE,21651-21665,building-type-count-total mill < 1; can-build-with-escrow mill; game-time >= SkipMillTime; goal:gl-current-build-item,DIRECT_DONOR_TEXT,(set-strategic-number sn-allow-adjacent-dropsites 0),DIRECT_DONOR_TEXT,(release-escrow wood); (set-escrow-percentage wood 0),DIRECT_DONOR_TEXT,(build mill),DIRECT_DONOR_TEXT,NONE,NONE,(building-type-count-total mill < 1),DIRECT_DONOR_TEXT,NONE,NONE
OUTGOING,1866,1867,fall-through,,21651,R07,R07,NO,MECHANICALLY_DERIVED_SOURCE_ORDER,MECHANICALLY_DERIVED,MECHANICALLY_CLASSIFIED,rule 1866 -> rule 1867,21651-21665,building-type-count-total mill < 1; can-build-with-escrow mill; game-time >= SkipMillTime; goal:gl-current-build-item,DIRECT_DONOR_TEXT,(set-strategic-number sn-allow-adjacent-dropsites 0),DIRECT_DONOR_TEXT,(release-escrow wood); (set-escrow-percentage wood 0),DIRECT_DONOR_TEXT,(build mill),DIRECT_DONOR_TEXT,NONE,NONE,(building-type-count-total mill < 1),DIRECT_DONOR_TEXT,21667-21673,building-type-count-total mill >= 1; goal:gl-current-build-item,DIRECT_DONOR_TEXT,(up-modify-goal gl-build-progress c:+ 1),DIRECT_DONOR_TEXT,NONE,NONE,NONE,NONE,NONE,NONE,(building-type-count-total mill >= 1),DIRECT_DONOR_TEXT,writes=(set-strategic-number sn-allow-adjacent-dropsites 0) | escrow=(release-escrow wood); (set-escrow-percentage wood 0) | commands=(build mill),MECHANICALLY_DERIVED
OUTGOING,1867,1868,fall-through,,21667,R07,R07,NO,MECHANICALLY_DERIVED_SOURCE_ORDER,MECHANICALLY_DERIVED,MECHANICALLY_CLASSIFIED,rule 1867 -> rule 1868,21667-21673,building-type-count-total mill >= 1; goal:gl-current-build-item,DIRECT_DONOR_TEXT,(up-modify-goal gl-build-progress c:+ 1),DIRECT_DONOR_TEXT,NONE,NONE,NONE,NONE,NONE,NONE,(building-type-count-total mill >= 1),DIRECT_DONOR_TEXT,21675-21682,building-type-count-total mill < 1; game-time < SkipMillTime; goal:gl-build-progress; goal:gl-dark-build,DIRECT_DONOR_TEXT,(set-goal gl-build-progress 1),DIRECT_DONOR_TEXT,NONE,NONE,NONE,NONE,NONE,NONE,(building-type-count-total mill < 1),DIRECT_DONOR_TEXT,writes=(up-modify-goal gl-build-progress c:+ 1),MECHANICALLY_DERIVED
OUTGOING,1868,1869,fall-through,,21675,R07,R07,NO,MECHANICALLY_DERIVED_SOURCE_ORDER,MECHANICALLY_DERIVED,MECHANICALLY_CLASSIFIED,rule 1868 -> rule 1869,21675-21682,building-type-count-total mill < 1; game-time < SkipMillTime; goal:gl-build-progress; goal:gl-dark-build,DIRECT_DONOR_TEXT,(set-goal gl-build-progress 1),DIRECT_DONOR_TEXT,NONE,NONE,NONE,NONE,NONE,NONE,(building-type-count-total mill < 1),DIRECT_DONOR_TEXT,21684-21691,building-type-count-total mill < 1; game-time >= SkipMillTime; goal:gl-build-progress; goal:gl-dark-build,DIRECT_DONOR_TEXT,(set-goal gl-build-progress 2),DIRECT_DONOR_TEXT,NONE,NONE,NONE,NONE,NONE,NONE,(building-type-count-total mill < 1),DIRECT_DONOR_TEXT,writes=(set-goal gl-build-progress 1),MECHANICALLY_DERIVED
OUTGOING,1869,1870,fall-through,,21684,R07,R07,NO,MECHANICALLY_DERIVED_SOURCE_ORDER,MECHANICALLY_DERIVED,MECHANICALLY_CLASSIFIED,rule 1869 -> rule 1870,21684-21691,building-type-count-total mill < 1; game-time >= SkipMillTime; goal:gl-build-progress; goal:gl-dark-build,DIRECT_DONOR_TEXT,(set-goal gl-build-progress 2),DIRECT_DONOR_TEXT,NONE,NONE,NONE,NONE,NONE,NONE,(building-type-count-total mill < 1),DIRECT_DONOR_TEXT,21693-21703,goal:gl-build-progress; goal:gl-current-build-item; goal:gl-dark-build,DIRECT_DONOR_TEXT,(set-goal gl-current-build-item MILL1),DIRECT_DONOR_TEXT,(set-escrow-percentage wood LOW-ESCROW),DIRECT_DONOR_TEXT,NONE,NONE,NONE,NONE,NONE,NONE,writes=(set-goal gl-build-progress 2),MECHANICALLY_DERIVED
OUTGOING,1870,1871,fall-through,,21693,R07,R07,NO,MECHANICALLY_DERIVED_SOURCE_ORDER,MECHANICALLY_DERIVED,MECHANICALLY_CLASSIFIED,rule 1870 -> rule 1871,21693-21703,goal:gl-build-progress; goal:gl-current-build-item; goal:gl-dark-build,DIRECT_DONOR_TEXT,(set-goal gl-current-build-item MILL1),DIRECT_DONOR_TEXT,(set-escrow-percentage wood LOW-ESCROW),DIRECT_DONOR_TEXT,NONE,NONE,NONE,NONE,NONE,NONE,21706-21716,building-type-count-total mill < 1; can-build mill; current-age >= feudal-age,DIRECT_DONOR_TEXT,(disable-self); (set-goal gl-allow-mill YES),DIRECT_DONOR_TEXT,NONE,NONE,(build mill),DIRECT_DONOR_TEXT,NONE,NONE,(building-type-count-total mill < 1),DIRECT_DONOR_TEXT,writes=(set-goal gl-current-build-item MILL1) | escrow=(set-escrow-percentage wood LOW-ESCROW),MECHANICALLY_DERIVED
OUTGOING,1871,1872,fall-through,,21706,R07,R07,NO,MECHANICALLY_DERIVED_SOURCE_ORDER,MECHANICALLY_DERIVED,MECHANICALLY_CLASSIFIED,rule 1871 -> rule 1872,21706-21716,building-type-count-total mill < 1; can-build mill; current-age >= feudal-age,DIRECT_DONOR_TEXT,(disable-self); (set-goal gl-allow-mill YES),DIRECT_DONOR_TEXT,NONE,NONE,(build mill),DIRECT_DONOR_TEXT,NONE,NONE,(building-type-count-total mill < 1),DIRECT_DONOR_TEXT,21718-21722,NONE,NONE,(set-goal goal -12),DIRECT_DONOR_TEXT,NONE,NONE,NONE,NONE,NONE,NONE,NONE,NONE,writes=(disable-self); (set-goal gl-allow-mill YES) | commands=(build mill),MECHANICALLY_DERIVED
OUTGOING,1872,1873,fall-through,,21718,R07,R07,NO,MECHANICALLY_DERIVED_SOURCE_ORDER,MECHANICALLY_DERIVED,MECHANICALLY_CLASSIFIED,rule 1872 -> rule 1873,21718-21722,NONE,NONE,(set-goal goal -12),DIRECT_DONOR_TEXT,NONE,NONE,NONE,NONE,NONE,NONE,NONE,NONE,21724-21728,building-type-count-total mill == 2,DIRECT_DONOR_TEXT,(set-goal goal -10),DIRECT_DONOR_TEXT,NONE,NONE,NONE,NONE,NONE,NONE,(building-type-count-total mill == 2),DIRECT_DONOR_TEXT,writes=(set-goal goal -12),MECHANICALLY_DERIVED
OUTGOING,1873,1874,fall-through,,21724,R07,R07,NO,MECHANICALLY_DERIVED_SOURCE_ORDER,MECHANICALLY_DERIVED,MECHANICALLY_CLASSIFIED,rule 1873 -> rule 1874,21724-21728,building-type-count-total mill == 2,DIRECT_DONOR_TEXT,(set-goal goal -10),DIRECT_DONOR_TEXT,NONE,NONE,NONE,NONE,NONE,NONE,(building-type-count-total mill == 2),DIRECT_DONOR_TEXT,21730-21734,building-type-count-total mill == 3,DIRECT_DONOR_TEXT,(set-goal goal 10),DIRECT_DONOR_TEXT,NONE,NONE,NONE,NONE,NONE,NONE,(building-type-count-total mill == 3),DIRECT_DONOR_TEXT,writes=(set-goal goal -10),MECHANICALLY_DERIVED
OUTGOING,1874,1875,fall-through,,21730,R07,R07,NO,MECHANICALLY_DERIVED_SOURCE_ORDER,MECHANICALLY_DERIVED,MECHANICALLY_CLASSIFIED,rule 1874 -> rule 1875,21730-21734,building-type-count-total mill == 3,DIRECT_DONOR_TEXT,(set-goal goal 10),DIRECT_DONOR_TEXT,NONE,NONE,NONE,NONE,NONE,NONE,(building-type-count-total mill == 3),DIRECT_DONOR_TEXT,21736-21746,building-type-count-total mill < 4; can-build mill; goal:MILL,DIRECT_DONOR_TEXT,(set-goal MILL NO),DIRECT_DONOR_TEXT,NONE,NONE,(up-assign-builders c: mill c: 1); (up-build place-control 0 c: mill); (up-set-placement-data me mill g: goal),DIRECT_DONOR_TEXT,NONE,NONE,(building-type-count-total mill < 4),DIRECT_DONOR_TEXT,writes=(set-goal goal 10),MECHANICALLY_DERIVED
OUTGOING,1875,1876,fall-through,,21736,R07,R07,NO,MECHANICALLY_DERIVED_SOURCE_ORDER,MECHANICALLY_DERIVED,MECHANICALLY_CLASSIFIED,rule 1875 -> rule 1876,21736-21746,building-type-count-total mill < 4; can-build mill; goal:MILL,DIRECT_DONOR_TEXT,(set-goal MILL NO),DIRECT_DONOR_TEXT,NONE,NONE,(up-assign-builders c: mill c: 1); (up-build place-control 0 c: mill); (up-set-placement-data me mill g: goal),DIRECT_DONOR_TEXT,NONE,NONE,(building-type-count-total mill < 4),DIRECT_DONOR_TEXT,21748-21760,building-type-count-total farm > 20; building-type-count-total farm > 28; building-type-count-total farm > 38; building-type-count-total mill < 2; building-type-count-total mill < 3; building-type-count-total mill < 4; goal:MILL; up-pending-placement c: mill,DIRECT_DONOR_TEXT,(set-goal MILL YES),DIRECT_DONOR_TEXT,NONE,NONE,NONE,NONE,(up-pending-placement c: mill),DIRECT_DONOR_TEXT,"(and(building-type-count-total mill < 2)
    (building-type-count-total farm > 20)); (and(building-type-count-total mill < 3)
    (building-type-count-total farm > 28)); (and(building-type-count-total mill < 4)
    (building-type-count-total farm > 38)); (building-type-count-total farm > 20); (building-type-count-total farm > 28); (building-type-count-total farm > 38); (building-type-count-total mill < 2); (building-type-count-total mill < 3); (building-type-count-total mill < 4); (or	(and(building-type-count-total mill < 2)
    (building-type-count-total farm > 20))
    (or	(and(building-type-count-total mill < 3)
    (building-type-count-total farm > 28))
    (and(building-type-count-total mill < 4)
    (building-type-count-total farm > 38)))); (or	(and(building-type-count-total mill < 3)
    (building-type-count-total farm > 28))
    (and(building-type-count-total mill < 4)
    (building-type-count-total farm > 38)))",DIRECT_DONOR_TEXT,writes=(set-goal MILL NO) | commands=(up-assign-builders c: mill c: 1); (up-build place-control 0 c: mill); (up-set-placement-data me mill g: goal),MECHANICALLY_DERIVED
OUTGOING,1876,1877,fall-through,,21748,R07,R07,NO,MECHANICALLY_DERIVED_SOURCE_ORDER,MECHANICALLY_DERIVED,MECHANICALLY_CLASSIFIED,rule 1876 -> rule 1877,21748-21760,building-type-count-total farm > 20; building-type-count-total farm > 28; building-type-count-total farm > 38; building-type-count-total mill < 2; building-type-count-total mill < 3; building-type-count-total mill < 4; goal:MILL; up-pending-placement c: mill,DIRECT_DONOR_TEXT,(set-goal MILL YES),DIRECT_DONOR_TEXT,NONE,NONE,NONE,NONE,(up-pending-placement c: mill),DIRECT_DONOR_TEXT,"(and(building-type-count-total mill < 2)
    (building-type-count-total farm > 20)); (and(building-type-count-total mill < 3)
    (building-type-count-total farm > 28)); (and(building-type-count-total mill < 4)
    (building-type-count-total farm > 38)); (building-type-count-total farm > 20); (building-type-count-total farm > 28); (building-type-count-total farm > 38); (building-type-count-total mill < 2); (building-type-count-total mill < 3); (building-type-count-total mill < 4); (or	(and(building-type-count-total mill < 2)
    (building-type-count-total farm > 20))
    (or	(and(building-type-count-total mill < 3)
    (building-type-count-total farm > 28))
    (and(building-type-count-total mill < 4)
    (building-type-count-total farm > 38)))); (or	(and(building-type-count-total mill < 3)
    (building-type-count-total farm > 28))
    (and(building-type-count-total mill < 4)
    (building-type-count-total farm > 38)))",DIRECT_DONOR_TEXT,21766-21779,building-type-count-total mining-camp >= 1; can-build-with-escrow mining-camp; game-time < 1200; goal:gl-current-build-item; goal:gl-progression-pause; goal:gl-strategy,DIRECT_DONOR_TEXT,(set-strategic-number sn-allow-adjacent-dropsites 0); (set-strategic-number sn-placement-fail-delta 0); (set-strategic-number sn-placement-zone-size 5),DIRECT_DONOR_TEXT,NONE,NONE,(up-build place-normal gl-escrow-state c: mining-camp),DIRECT_DONOR_TEXT,NONE,NONE,(building-type-count-total mining-camp >= 1),DIRECT_DONOR_TEXT,writes=(set-goal MILL YES),MECHANICALLY_DERIVED
OUTGOING,1877,1878,fall-through,,21766,R07,R07,NO,MECHANICALLY_DERIVED_SOURCE_ORDER,MECHANICALLY_DERIVED,MECHANICALLY_CLASSIFIED,rule 1877 -> rule 1878,21766-21779,building-type-count-total mining-camp >= 1; can-build-with-escrow mining-camp; game-time < 1200; goal:gl-current-build-item; goal:gl-progression-pause; goal:gl-strategy,DIRECT_DONOR_TEXT,(set-strategic-number sn-allow-adjacent-dropsites 0); (set-strategic-number sn-placement-fail-delta 0); (set-strategic-number sn-placement-zone-size 5),DIRECT_DONOR_TEXT,NONE,NONE,(up-build place-normal gl-escrow-state c: mining-camp),DIRECT_DONOR_TEXT,NONE,NONE,(building-type-count-total mining-camp >= 1),DIRECT_DONOR_TEXT,21781-21796,building-type-count-total mining-camp < 1; can-build-with-escrow mining-camp; goal:gl-current-build-item; goal:gl-progression-pause; goal:gl-strategy,DIRECT_DONOR_TEXT,(set-strategic-number sn-focus-player-number 0),DIRECT_DONOR_TEXT,NONE,NONE,(up-find-remote c: gold-mine c: 40); (up-full-reset-search); (up-set-target-point home-x),DIRECT_DONOR_TEXT,NONE,NONE,(building-type-count-total mining-camp < 1),DIRECT_DONOR_TEXT,writes=(set-strategic-number sn-allow-adjacent-dropsites 0); (set-strategic-number sn-placement-fail-delta 0); (set-strategic-number sn-placement-zone-size 5) | commands=(up-build place-normal gl-escrow-state c: mining-camp),MECHANICALLY_DERIVED
OUTGOING,1878,1879,fall-through,,21781,R07,R07,NO,MECHANICALLY_DERIVED_SOURCE_ORDER,MECHANICALLY_DERIVED,MECHANICALLY_CLASSIFIED,rule 1878 -> rule 1879,21781-21796,building-type-count-total mining-camp < 1; can-build-with-escrow mining-camp; goal:gl-current-build-item; goal:gl-progression-pause; goal:gl-strategy,DIRECT_DONOR_TEXT,(set-strategic-number sn-focus-player-number 0),DIRECT_DONOR_TEXT,NONE,NONE,(up-find-remote c: gold-mine c: 40); (up-full-reset-search); (up-set-target-point home-x),DIRECT_DONOR_TEXT,NONE,NONE,(building-type-count-total mining-camp < 1),DIRECT_DONOR_TEXT,21798-21809,can-build-with-escrow mining-camp; goal:gl-current-build-item; goal:gl-progression-pause; goal:gl-strategy; goal:gl-tenth-turn,DIRECT_DONOR_TEXT,(set-goal SPLIT 1),DIRECT_DONOR_TEXT,NONE,NONE,NONE,NONE,NONE,NONE,NONE,NONE,writes=(set-strategic-number sn-focus-player-number 0) | commands=(up-find-remote c: gold-mine c: 40); (up-full-reset-search); (up-set-target-point home-x),MECHANICALLY_DERIVED
OUTGOING,1879,1880,fall-through,,21798,R07,R07,NO,MECHANICALLY_DERIVED_SOURCE_ORDER,MECHANICALLY_DERIVED,MECHANICALLY_CLASSIFIED,rule 1879 -> rule 1880,21798-21809,can-build-with-escrow mining-camp; goal:gl-current-build-item; goal:gl-progression-pause; goal:gl-strategy; goal:gl-tenth-turn,DIRECT_DONOR_TEXT,(set-goal SPLIT 1),DIRECT_DONOR_TEXT,NONE,NONE,NONE,NONE,NONE,NONE,NONE,NONE,21811-21827,goal:SPLIT,DIRECT_DONOR_TEXT,(set-goal SPLIT 0); (set-strategic-number sn-allow-adjacent-dropsites 0); (set-strategic-number sn-dropsite-separation-distance 10); (set-strategic-number sn-placement-fail-delta 0); (set-strategic-number sn-placement-zone-size 5),DIRECT_DONOR_TEXT,(release-escrow wood); (set-escrow-percentage wood 0),DIRECT_DONOR_TEXT,(up-build place-point 0 c: mining-camp); (up-get-point position-object point-x); (up-set-target-point point-x),DIRECT_DONOR_TEXT,NONE,NONE,NONE,NONE,writes=(set-goal SPLIT 1),MECHANICALLY_DERIVED
OUTGOING,1880,1881,fall-through,,21811,R07,R07,NO,MECHANICALLY_DERIVED_SOURCE_ORDER,MECHANICALLY_DERIVED,MECHANICALLY_CLASSIFIED,rule 1880 -> rule 1881,21811-21827,goal:SPLIT,DIRECT_DONOR_TEXT,(set-goal SPLIT 0); (set-strategic-number sn-allow-adjacent-dropsites 0); (set-strategic-number sn-dropsite-separation-distance 10); (set-strategic-number sn-placement-fail-delta 0); (set-strategic-number sn-placement-zone-size 5),DIRECT_DONOR_TEXT,(release-escrow wood); (set-escrow-percentage wood 0),DIRECT_DONOR_TEXT,(up-build place-point 0 c: mining-camp); (up-get-point position-object point-x); (up-set-target-point point-x),DIRECT_DONOR_TEXT,NONE,NONE,NONE,NONE,21829-21835,goal:gl-build-progress; goal:gl-strategy,DIRECT_DONOR_TEXT,(set-goal gl-build-progress KrushGoldMCNumber),DIRECT_DONOR_TEXT,NONE,NONE,NONE,NONE,NONE,NONE,NONE,NONE,writes=(set-goal SPLIT 0); (set-strategic-number sn-allow-adjacent-dropsites 0); (set-strategic-number sn-dropsite-separation-distance 10); (set-strategic-number sn-placement-fail-delta 0); (set-strategic-number sn-placement-zone-size 5) | escrow=(release-escrow wood); (set-escrow-percentage wood 0) | commands=(up-build place-point 0 c: mining-camp); (up-get-point position-object point-x); (up-set-target-point point-x),MECHANICALLY_DERIVED
OUTGOING,1881,1882,fall-through,,21829,R07,R07,NO,MECHANICALLY_DERIVED_SOURCE_ORDER,MECHANICALLY_DERIVED,MECHANICALLY_CLASSIFIED,rule 1881 -> rule 1882,21829-21835,goal:gl-build-progress; goal:gl-strategy,DIRECT_DONOR_TEXT,(set-goal gl-build-progress KrushGoldMCNumber),DIRECT_DONOR_TEXT,NONE,NONE,NONE,NONE,NONE,NONE,NONE,NONE,21837-21844,goal:gl-build-progress; goal:gl-current-build-item; goal:gl-strategy,DIRECT_DONOR_TEXT,(set-goal gl-current-build-item GOLDMC1),DIRECT_DONOR_TEXT,NONE,NONE,NONE,NONE,NONE,NONE,NONE,NONE,writes=(set-goal gl-build-progress KrushGoldMCNumber),MECHANICALLY_DERIVED
OUTGOING,1882,1883,fall-through,,21837,R07,R07,NO,MECHANICALLY_DERIVED_SOURCE_ORDER,MECHANICALLY_DERIVED,MECHANICALLY_CLASSIFIED,rule 1882 -> rule 1883,21837-21844,goal:gl-build-progress; goal:gl-current-build-item; goal:gl-strategy,DIRECT_DONOR_TEXT,(set-goal gl-current-build-item GOLDMC1),DIRECT_DONOR_TEXT,NONE,NONE,NONE,NONE,NONE,NONE,NONE,NONE,21846-21854,goal:gl-current-build-item; goal:gl-strategy,DIRECT_DONOR_TEXT,(disable-self); (up-modify-goal gl-build-progress c:+ 1),DIRECT_DONOR_TEXT,NONE,NONE,NONE,NONE,NONE,NONE,NONE,NONE,writes=(set-goal gl-current-build-item GOLDMC1),MECHANICALLY_DERIVED
OUTGOING,1883,1884,fall-through,,21846,R07,R07,NO,MECHANICALLY_DERIVED_SOURCE_ORDER,MECHANICALLY_DERIVED,MECHANICALLY_CLASSIFIED,rule 1883 -> rule 1884,21846-21854,goal:gl-current-build-item; goal:gl-strategy,DIRECT_DONOR_TEXT,(disable-self); (up-modify-goal gl-build-progress c:+ 1),DIRECT_DONOR_TEXT,NONE,NONE,NONE,NONE,NONE,NONE,NONE,NONE,21857-21870,building-type-count-total mining-camp >= 1; can-build-with-escrow mining-camp; goal:gl-current-build-item; goal:gl-fifth-turn; goal:gl-progression-pause; goal:gl-strategy,DIRECT_DONOR_TEXT,(set-strategic-number sn-allow-adjacent-dropsites 0); (set-strategic-number sn-placement-fail-delta 0); (set-strategic-number sn-placement-zone-size 5),DIRECT_DONOR_TEXT,NONE,NONE,(up-build place-normal gl-escrow-state c: mining-camp),DIRECT_DONOR_TEXT,NONE,NONE,(building-type-count-total mining-camp >= 1),DIRECT_DONOR_TEXT,writes=(disable-self); (up-modify-goal gl-build-progress c:+ 1),MECHANICALLY_DERIVED
OUTGOING,1884,1885,fall-through,,21857,R07,R07,NO,MECHANICALLY_DERIVED_SOURCE_ORDER,MECHANICALLY_DERIVED,MECHANICALLY_CLASSIFIED,rule 1884 -> rule 1885,21857-21870,building-type-count-total mining-camp >= 1; can-build-with-escrow mining-camp; goal:gl-current-build-item; goal:gl-fifth-turn; goal:gl-progression-pause; goal:gl-strategy,DIRECT_DONOR_TEXT,(set-strategic-number sn-allow-adjacent-dropsites 0); (set-strategic-number sn-placement-fail-delta 0); (set-strategic-number sn-placement-zone-size 5),DIRECT_DONOR_TEXT,NONE,NONE,(up-build place-normal gl-escrow-state c: mining-camp),DIRECT_DONOR_TEXT,NONE,NONE,(building-type-count-total mining-camp >= 1),DIRECT_DONOR_TEXT,21872-21887,building-type-count-total mining-camp < 1; can-build-with-escrow mining-camp; goal:gl-current-build-item; goal:gl-progression-pause; goal:gl-strategy,DIRECT_DONOR_TEXT,(set-strategic-number sn-focus-player-number 0),DIRECT_DONOR_TEXT,NONE,NONE,(up-find-remote c: gold-mine c: 40); (up-full-reset-search); (up-set-target-point home-x),DIRECT_DONOR_TEXT,NONE,NONE,(building-type-count-total mining-camp < 1),DIRECT_DONOR_TEXT,writes=(set-strategic-number sn-allow-adjacent-dropsites 0); (set-strategic-number sn-placement-fail-delta 0); (set-strategic-number sn-placement-zone-size 5) | commands=(up-build place-normal gl-escrow-state c: mining-camp),MECHANICALLY_DERIVED
OUTGOING,1885,1886,fall-through,,21872,R07,R07,NO,MECHANICALLY_DERIVED_SOURCE_ORDER,MECHANICALLY_DERIVED,MECHANICALLY_CLASSIFIED,rule 1885 -> rule 1886,21872-21887,building-type-count-total mining-camp < 1; can-build-with-escrow mining-camp; goal:gl-current-build-item; goal:gl-progression-pause; goal:gl-strategy,DIRECT_DONOR_TEXT,(set-strategic-number sn-focus-player-number 0),DIRECT_DONOR_TEXT,NONE,NONE,(up-find-remote c: gold-mine c: 40); (up-full-reset-search); (up-set-target-point home-x),DIRECT_DONOR_TEXT,NONE,NONE,(building-type-count-total mining-camp < 1),DIRECT_DONOR_TEXT,21889-21900,can-build-with-escrow mining-camp; goal:gl-current-build-item; goal:gl-progression-pause; goal:gl-strategy; goal:gl-tenth-turn,DIRECT_DONOR_TEXT,(set-goal SPLIT 1),DIRECT_DONOR_TEXT,NONE,NONE,NONE,NONE,NONE,NONE,NONE,NONE,writes=(set-strategic-number sn-focus-player-number 0) | commands=(up-find-remote c: gold-mine c: 40); (up-full-reset-search); (up-set-target-point home-x),MECHANICALLY_DERIVED
OUTGOING,1886,1887,fall-through,,21889,R07,R07,NO,MECHANICALLY_DERIVED_SOURCE_ORDER,MECHANICALLY_DERIVED,MECHANICALLY_CLASSIFIED,rule 1886 -> rule 1887,21889-21900,can-build-with-escrow mining-camp; goal:gl-current-build-item; goal:gl-progression-pause; goal:gl-strategy; goal:gl-tenth-turn,DIRECT_DONOR_TEXT,(set-goal SPLIT 1),DIRECT_DONOR_TEXT,NONE,NONE,NONE,NONE,NONE,NONE,NONE,NONE,21902-21918,goal:SPLIT,DIRECT_DONOR_TEXT,(set-goal SPLIT 0); (set-strategic-number sn-allow-adjacent-dropsites 0); (set-strategic-number sn-dropsite-separation-distance 10); (set-strategic-number sn-placement-fail-delta 0); (set-strategic-number sn-placement-zone-size 5),DIRECT_DONOR_TEXT,(release-escrow wood); (set-escrow-percentage wood 0),DIRECT_DONOR_TEXT,(up-build place-point 0 c: mining-camp); (up-get-point position-object point-x); (up-set-target-point point-x),DIRECT_DONOR_TEXT,NONE,NONE,NONE,NONE,writes=(set-goal SPLIT 1),MECHANICALLY_DERIVED
OUTGOING,1887,1888,fall-through,,21902,R07,R07,NO,MECHANICALLY_DERIVED_SOURCE_ORDER,MECHANICALLY_DERIVED,MECHANICALLY_CLASSIFIED,rule 1887 -> rule 1888,21902-21918,goal:SPLIT,DIRECT_DONOR_TEXT,(set-goal SPLIT 0); (set-strategic-number sn-allow-adjacent-dropsites 0); (set-strategic-number sn-dropsite-separation-distance 10); (set-strategic-number sn-placement-fail-delta 0); (set-strategic-number sn-placement-zone-size 5),DIRECT_DONOR_TEXT,(release-escrow wood); (set-escrow-percentage wood 0),DIRECT_DONOR_TEXT,(up-build place-point 0 c: mining-camp); (up-get-point position-object point-x); (up-set-target-point point-x),DIRECT_DONOR_TEXT,NONE,NONE,NONE,NONE,21920-21926,goal:gl-build-progress; goal:gl-strategy,DIRECT_DONOR_TEXT,(set-goal gl-build-progress GoldMC1Number),DIRECT_DONOR_TEXT,NONE,NONE,NONE,NONE,NONE,NONE,NONE,NONE,writes=(set-goal SPLIT 0); (set-strategic-number sn-allow-adjacent-dropsites 0); (set-strategic-number sn-dropsite-separation-distance 10); (set-strategic-number sn-placement-fail-delta 0); (set-strategic-number sn-placement-zone-size 5) | escrow=(release-escrow wood); (set-escrow-percentage wood 0) | commands=(up-build place-point 0 c: mining-camp); (up-get-point position-object point-x); (up-set-target-point point-x),MECHANICALLY_DERIVED
OUTGOING,1888,1889,fall-through,,21920,R07,R07,NO,MECHANICALLY_DERIVED_SOURCE_ORDER,MECHANICALLY_DERIVED,MECHANICALLY_CLASSIFIED,rule 1888 -> rule 1889,21920-21926,goal:gl-build-progress; goal:gl-strategy,DIRECT_DONOR_TEXT,(set-goal gl-build-progress GoldMC1Number),DIRECT_DONOR_TEXT,NONE,NONE,NONE,NONE,NONE,NONE,NONE,NONE,21928-21936,goal:gl-build-progress; goal:gl-current-build-item; goal:gl-strategy,DIRECT_DONOR_TEXT,(set-goal gl-current-build-item GOLDMC1),DIRECT_DONOR_TEXT,(set-escrow-percentage wood LOW-ESCROW),DIRECT_DONOR_TEXT,NONE,NONE,NONE,NONE,NONE,NONE,writes=(set-goal gl-build-progress GoldMC1Number),MECHANICALLY_DERIVED
OUTGOING,1889,1890,fall-through,,21928,R07,R07,NO,MECHANICALLY_DERIVED_SOURCE_ORDER,MECHANICALLY_DERIVED,MECHANICALLY_CLASSIFIED,rule 1889 -> rule 1890,21928-21936,goal:gl-build-progress; goal:gl-current-build-item; goal:gl-strategy,DIRECT_DONOR_TEXT,(set-goal gl-current-build-item GOLDMC1),DIRECT_DONOR_TEXT,(set-escrow-percentage wood LOW-ESCROW),DIRECT_DONOR_TEXT,NONE,NONE,NONE,NONE,NONE,NONE,21938-21945,goal:gl-current-build-item; goal:gl-strategy,DIRECT_DONOR_TEXT,(up-modify-goal gl-build-progress c:+ 1),DIRECT_DONOR_TEXT,NONE,NONE,NONE,NONE,NONE,NONE,NONE,NONE,writes=(set-goal gl-current-build-item GOLDMC1) | escrow=(set-escrow-percentage wood LOW-ESCROW),MECHANICALLY_DERIVED
OUTGOING,1890,1891,fall-through,,21938,R07,R07,NO,MECHANICALLY_DERIVED_SOURCE_ORDER,MECHANICALLY_DERIVED,MECHANICALLY_CLASSIFIED,rule 1890 -> rule 1891,21938-21945,goal:gl-current-build-item; goal:gl-strategy,DIRECT_DONOR_TEXT,(up-modify-goal gl-build-progress c:+ 1),DIRECT_DONOR_TEXT,NONE,NONE,NONE,NONE,NONE,NONE,NONE,NONE,21948-21952,NONE,NONE,NONE,NONE,NONE,NONE,NONE,NONE,NONE,NONE,NONE,NONE,writes=(up-modify-goal gl-build-progress c:+ 1),MECHANICALLY_DERIVED
OUTGOING,1891,1892,fall-through,,21948,R07,R07,NO,MECHANICALLY_DERIVED_SOURCE_ORDER,MECHANICALLY_DERIVED,MECHANICALLY_CLASSIFIED,rule 1891 -> rule 1892,21948-21952,NONE,NONE,NONE,NONE,NONE,NONE,NONE,NONE,NONE,NONE,NONE,NONE,21954-21967,can-build-with-escrow mining-camp; goal:gl-current-build-item; goal:gl-progression-pause,DIRECT_DONOR_TEXT,(set-strategic-number sn-focus-player-number 0),DIRECT_DONOR_TEXT,NONE,NONE,(up-find-remote c: gold-mine c: 30); (up-full-reset-search); (up-set-target-point home-x),DIRECT_DONOR_TEXT,NONE,NONE,NONE,NONE,NONE,NONE
OUTGOING,1891,1896,up-jump,5,21948,R07,R07,NO,DIRECT_DONOR_TEXT,MECHANICALLY_DERIVED,MECHANICALLY_CLASSIFIED,(up-jump-rule 5),21948-21952,NONE,NONE,NONE,NONE,NONE,NONE,NONE,NONE,NONE,NONE,NONE,NONE,22007-22013,building-type-count-total mining-camp >= 3; goal:gl-current-build-item,DIRECT_DONOR_TEXT,(up-modify-goal gl-build-progress c:+ 1),DIRECT_DONOR_TEXT,NONE,NONE,NONE,NONE,NONE,NONE,(building-type-count-total mining-camp >= 3),DIRECT_DONOR_TEXT,NONE,NONE
OUTGOING,1892,1893,fall-through,,21954,R07,R07,NO,MECHANICALLY_DERIVED_SOURCE_ORDER,MECHANICALLY_DERIVED,MECHANICALLY_CLASSIFIED,rule 1892 -> rule 1893,21954-21967,can-build-with-escrow mining-camp; goal:gl-current-build-item; goal:gl-progression-pause,DIRECT_DONOR_TEXT,(set-strategic-number sn-focus-player-number 0),DIRECT_DONOR_TEXT,NONE,NONE,(up-find-remote c: gold-mine c: 30); (up-full-reset-search); (up-set-target-point home-x),DIRECT_DONOR_TEXT,NONE,NONE,NONE,NONE,21969-21987,can-build-with-escrow mining-camp; goal:gl-current-build-item; goal:gl-progression-pause,DIRECT_DONOR_TEXT,(set-strategic-number sn-allow-adjacent-dropsites 0); (set-strategic-number sn-dropsite-separation-distance 25); (set-strategic-number sn-placement-fail-delta 2); (set-strategic-number sn-placement-zone-size 15),DIRECT_DONOR_TEXT,(release-escrow wood),DIRECT_DONOR_TEXT,(up-build place-point 0 c: mining-camp); (up-get-point position-object point-x); (up-set-target-point point-x),DIRECT_DONOR_TEXT,NONE,NONE,NONE,NONE,writes=(set-strategic-number sn-focus-player-number 0) | commands=(up-find-remote c: gold-mine c: 30); (up-full-reset-search); (up-set-target-point home-x),MECHANICALLY_DERIVED
OUTGOING,1893,1894,fall-through,,21969,R07,R07,NO,MECHANICALLY_DERIVED_SOURCE_ORDER,MECHANICALLY_DERIVED,MECHANICALLY_CLASSIFIED,rule 1893 -> rule 1894,21969-21987,can-build-with-escrow mining-camp; goal:gl-current-build-item; goal:gl-progression-pause,DIRECT_DONOR_TEXT,(set-strategic-number sn-allow-adjacent-dropsites 0); (set-strategic-number sn-dropsite-separation-distance 25); (set-strategic-number sn-placement-fail-delta 2); (set-strategic-number sn-placement-zone-size 15),DIRECT_DONOR_TEXT,(release-escrow wood),DIRECT_DONOR_TEXT,(up-build place-point 0 c: mining-camp); (up-get-point position-object point-x); (up-set-target-point point-x),DIRECT_DONOR_TEXT,NONE,NONE,NONE,NONE,21989-21995,building-type-count-total mining-camp < 3; goal:gl-build-progress; goal:gl-strategy,DIRECT_DONOR_TEXT,(set-goal gl-build-progress GoldMC2Number),DIRECT_DONOR_TEXT,NONE,NONE,NONE,NONE,NONE,NONE,(building-type-count-total mining-camp < 3),DIRECT_DONOR_TEXT,writes=(set-strategic-number sn-allow-adjacent-dropsites 0); (set-strategic-number sn-dropsite-separation-distance 25); (set-strategic-number sn-placement-fail-delta 2); (set-strategic-number sn-placement-zone-size 15) | escrow=(release-escrow wood) | commands=(up-build place-point 0 c: mining-camp); (up-get-point position-object point-x); (up-set-target-point point-x),MECHANICALLY_DERIVED
OUTGOING,1894,1895,fall-through,,21989,R07,R07,NO,MECHANICALLY_DERIVED_SOURCE_ORDER,MECHANICALLY_DERIVED,MECHANICALLY_CLASSIFIED,rule 1894 -> rule 1895,21989-21995,building-type-count-total mining-camp < 3; goal:gl-build-progress; goal:gl-strategy,DIRECT_DONOR_TEXT,(set-goal gl-build-progress GoldMC2Number),DIRECT_DONOR_TEXT,NONE,NONE,NONE,NONE,NONE,NONE,(building-type-count-total mining-camp < 3),DIRECT_DONOR_TEXT,21997-22005,goal:gl-build-progress; goal:gl-current-build-item; goal:gl-strategy,DIRECT_DONOR_TEXT,(set-goal gl-current-build-item GOLDMC2),DIRECT_DONOR_TEXT,(set-escrow-percentage wood LOW-ESCROW),DIRECT_DONOR_TEXT,NONE,NONE,NONE,NONE,NONE,NONE,writes=(set-goal gl-build-progress GoldMC2Number),MECHANICALLY_DERIVED
OUTGOING,1895,1896,fall-through,,21997,R07,R07,NO,MECHANICALLY_DERIVED_SOURCE_ORDER,MECHANICALLY_DERIVED,MECHANICALLY_CLASSIFIED,rule 1895 -> rule 1896,21997-22005,goal:gl-build-progress; goal:gl-current-build-item; goal:gl-strategy,DIRECT_DONOR_TEXT,(set-goal gl-current-build-item GOLDMC2),DIRECT_DONOR_TEXT,(set-escrow-percentage wood LOW-ESCROW),DIRECT_DONOR_TEXT,NONE,NONE,NONE,NONE,NONE,NONE,22007-22013,building-type-count-total mining-camp >= 3; goal:gl-current-build-item,DIRECT_DONOR_TEXT,(up-modify-goal gl-build-progress c:+ 1),DIRECT_DONOR_TEXT,NONE,NONE,NONE,NONE,NONE,NONE,(building-type-count-total mining-camp >= 3),DIRECT_DONOR_TEXT,writes=(set-goal gl-current-build-item GOLDMC2) | escrow=(set-escrow-percentage wood LOW-ESCROW),MECHANICALLY_DERIVED
OUTGOING,1896,1897,fall-through,,22007,R07,OUTSIDE_R07,YES,MECHANICALLY_DERIVED_SOURCE_ORDER,MECHANICALLY_DERIVED,MECHANICALLY_CLASSIFIED,rule 1896 -> rule 1897,22007-22013,building-type-count-total mining-camp >= 3; goal:gl-current-build-item,DIRECT_DONOR_TEXT,(up-modify-goal gl-build-progress c:+ 1),DIRECT_DONOR_TEXT,NONE,NONE,NONE,NONE,NONE,NONE,(building-type-count-total mining-camp >= 3),DIRECT_DONOR_TEXT,22016-22030,can-build-with-escrow mining-camp; goal:gl-current-build-item; goal:gl-fifth-turn; goal:gl-progression-pause,DIRECT_DONOR_TEXT,(set-strategic-number sn-focus-player-number 0),DIRECT_DONOR_TEXT,NONE,NONE,(up-find-remote c: stone-mine c: 40); (up-full-reset-search); (up-set-target-point home-x),DIRECT_DONOR_TEXT,NONE,NONE,NONE,NONE,writes=(up-modify-goal gl-build-progress c:+ 1),MECHANICALLY_DERIVED
